-- phpMyAdmin SQL Dump
-- version 3.4.10.1deb1
-- http://www.phpmyadmin.net
--
-- Host: localhost
-- Generation Time: Nov 05, 2015 at 08:39 PM
-- Server version: 5.5.46
-- PHP Version: 5.5.30-1+deb.sury.org~precise+1

SET SQL_MODE="NO_AUTO_VALUE_ON_ZERO";
SET time_zone = "+00:00";


/*!40101 SET @OLD_CHARACTER_SET_CLIENT=@@CHARACTER_SET_CLIENT */;
/*!40101 SET @OLD_CHARACTER_SET_RESULTS=@@CHARACTER_SET_RESULTS */;
/*!40101 SET @OLD_COLLATION_CONNECTION=@@COLLATION_CONNECTION */;
/*!40101 SET NAMES utf8 */;

--
-- Database: `vanquis_musyme`
--

-- --------------------------------------------------------

--
-- Table structure for table `age_group`
--

CREATE TABLE IF NOT EXISTS `age_group` (
  `id` int(11) NOT NULL AUTO_INCREMENT,
  `title` varchar(50) CHARACTER SET utf8 NOT NULL,
  `description` varchar(255) CHARACTER SET utf8 NOT NULL,
  `is_public` tinyint(1) NOT NULL,
  PRIMARY KEY (`id`)
) ENGINE=InnoDB  DEFAULT CHARSET=latin1 AUTO_INCREMENT=3 ;

--
-- Dumping data for table `age_group`
--

INSERT INTO `age_group` (`id`, `title`, `description`, `is_public`) VALUES
(1, '1-3', 'Age group from 1 to 3 years old', 1),
(2, '3-7', 'Age group from 3 to7 years old', 1);

-- --------------------------------------------------------

--
-- Table structure for table `catalogs`
--

CREATE TABLE IF NOT EXISTS `catalogs` (
  `catalog_id` int(11) NOT NULL AUTO_INCREMENT COMMENT 'Theme is a group of links',
  `category_id` int(11) NOT NULL,
  `name` varchar(50) NOT NULL,
  `image_name` varchar(100) NOT NULL DEFAULT 'maya.jpg',
  `language_id` int(11) NOT NULL DEFAULT '1',
  `user_id` int(11) NOT NULL DEFAULT '1',
  `agegroup_id` int(11) NOT NULL DEFAULT '1',
  `date_added` varchar(50) NOT NULL,
  `is_public` tinyint(4) NOT NULL DEFAULT '0',
  PRIMARY KEY (`catalog_id`)
) ENGINE=InnoDB  DEFAULT CHARSET=utf8 AUTO_INCREMENT=123 ;

--
-- Dumping data for table `catalogs`
--

INSERT INTO `catalogs` (`catalog_id`, `category_id`, `name`, `image_name`, `language_id`, `user_id`, `agegroup_id`, `date_added`, `is_public`) VALUES
(2, 1, 'Maya De Bij', 'maya-0.jpg', 3, 1, 0, '1386590516', 1),
(37, 1, 'Despicable Me', '1_despicable_me.PNG', 1, 1, 1, '', 1),
(38, 1, 'ice age scrat', '1_scrat.PNG', 8, 1, 1, '', 1),
(39, 1, 'Mini movies', '1_2.jpg', 8, 1, 1, '', 1),
(40, 2, 'Despicable Me Songs', '1_despicable_me.jpg', 1, 1, 1, '', 1),
(41, 1, 'movie_8_10', '1_ELT200802051949565306329.JPG', 1, 1, 1, '', 1),
(42, 1, 'Noddy', '1_noddy_.jpg', 1, 1, 1, '', 1),
(43, 1, 'The Adventures of Spot', '1_spot.jpg', 1, 1, 1, '', 1),
(44, 1, 'De avonturen van Dribbel', '3_dribbel.jpg', 3, 1, 1, '', 1),
(45, 1, 'Hello Kitty', '1_kitty.jpg', 1, 1, 1, '', 1),
(46, 2, 'Nijntje', '3_nijntje_movie.jpg', 3, 1, 1, '', 1),
(47, 1, 'Nijntje_movies', '3_nijntje_songs.jpg', 3, 1, 1, '', 1),
(48, 2, 'Miffy_songs', '1_nijntje_movie.jpg', 1, 1, 1, '', 1),
(49, 1, 'Miffy_movies', '1_nijntje_songs.jpg', 1, 1, 1, '', 1),
(50, 1, 'Woezel en Pip', '3_woezel en pip.jpg', 3, 1, 1, '', 1),
(51, 1, 'Kikker', '3_kikker.jpg', 3, 1, 1, '', 1),
(52, 1, 'Wonder Pets', '1_pets.jpg', 1, 1, 1, '', 1),
(53, 1, 'Mickey mouse', '1_mickey_mause.jpg', 1, 1, 1, '', 1),
(54, 2, 'The GiggleBellies songs', '1_Korica GiggleBellies.jpg', 1, 1, 1, '', 1),
(55, 2, 'Super Simple songs', '1_Super-Simple-songs-korica.jpg', 1, 1, 1, '', 1),
(56, 2, 'Kinderliedjes van vroeger', '3_Kinderliedjes-van-vroeger-korica.jpg', 3, 1, 1, '', 1),
(57, 1, 'Ben and Holly', '1_Unknown.jpeg', 1, 1, 1, '', 1),
(59, 2, 'Monde des petits-chansons', '2_Monde-des-petits-korica.JPG', 2, 1, 1, '', 1),
(60, 1, 'Trotro', '2_Trotro-korica.jpg', 2, 1, 1, '', 1),
(61, 1, 'Sponge Bob', '1_Bob.jpg', 1, 1, 1, '', 1),
(62, 1, 'Hello Kitty_FR', '2_hellokittyfreewallpaper_055.jpg', 2, 1, 1, '', 1),
(63, 1, 'The Penguins of Madagascar', '1_Penguins-of-Madagascar.jpg', 1, 1, 1, '', 1),
(64, 1, 'Bob the builder', '1_bilder.jpg', 1, 1, 1, '', 1),
(65, 1, 'Esprit fantome', '2_Esprit-fantome-korica.jpg', 2, 1, 1, '', 1),
(66, 2, 'Bubble Guppies', '1_Bubble-Guppies.jpg', 1, 1, 1, '', 1),
(67, 1, 'Ferdy de Mier', '3_Ferdy-korica.JPG', 3, 1, 1, '', 1),
(68, 1, 'Charlotte aux fraises', '2_Charlotte-aux-fraises-korica.jpg', 2, 1, 1, '', 1),
(69, 1, 'Franklin', '2_Franklin-FR-korica.jpg', 2, 1, 1, '', 1),
(70, 1, 'T''choupi et Doudou', '2_T''choupi et Doudou-korica.JPG', 2, 1, 1, '', 1),
(71, 2, 'Frozen-songs', '1_Frozen-korica.JPG', 1, 1, 1, '', 1),
(72, 1, 'Bubble Guppies - movies', '1_Bubble-Guppies-korica.jpg', 1, 1, 1, '', 1),
(73, 1, 'Full Movies', '1_Full-Movies-Korica.jpg', 1, 1, 1, '', 1),
(74, 2, 'Pop Music', '8_Pop Music-korica.jpg', 8, 1, 1, '', 1),
(75, 1, 'Der Mondbär', '7_mondbar.jpg', 7, 1, 1, '', 1),
(76, 1, 'Lauras Stern', '7_lauras_stern.jpg', 7, 1, 1, '', 1),
(77, 1, 'Mama Mirabelles', '7_mama_mirabelles.jpg', 7, 1, 1, '', 1),
(78, 1, 'Trotro_german', '7_trotro.jpg', 7, 1, 1, '', 1),
(79, 1, 'JoNaLu', '7_jonalu.jpg', 7, 1, 1, '', 1),
(80, 2, 'Kinderlieder mit Tieren', '7_song.jpg', 7, 1, 1, '', 1),
(81, 2, 'Kinderlieder', '7_song2.jpg', 7, 1, 1, '', 1),
(82, 1, 'DINOTOPIA', '4_dinotopia.jpg', 4, 1, 1, '', 1),
(83, 1, 'Маша и Медведь', '6_Маша-и-Медведь.JPG', 6, 1, 1, '', 1),
(84, 1, 'Ну.Погоди!', '6_oblozhka_obschaya.jpg', 6, 1, 1, '', 1),
(85, 1, 'Барбоскины', '6_Barboskin.jpg', 6, 1, 1, '', 1),
(86, 1, 'Фиксики', '6_27269.jpg', 6, 1, 1, '', 1),
(87, 2, 'Детские песни', '6_detski_pesni.jpg', 6, 1, 1, '', 1),
(88, 2, 'Старые детские песни', '6_Старые-детские-песни-корица.jpg', 6, 1, 1, '', 1),
(89, 1, 'Die Biene Maja', '7_Maja_die_biene.jpg', 7, 1, 1, '', 1),
(90, 1, 'Пингвините от Мадагаскар', '9_Penguins-of-Madagascar.jpg', 9, 1, 1, '', 1),
(91, 1, 'Рапунцел и разбойникът', '9_rapuncel_i_razbojnikyt.jpg', 9, 1, 1, '', 1),
(92, 1, 'Търсенето на Немо', '9_Nemo_1.jpg', 9, 1, 1, '', 1),
(93, 1, 'В небето', '9_Up_.jpg', 9, 1, 1, '', 1),
(94, 1, 'Гръм', '9_grym.jpg', 9, 1, 1, '', 1),
(95, 1, 'Рататуй', '9_ratatui.jpg', 9, 1, 1, '', 1),
(96, 1, 'Спирит', '9_spirit.jpg', 9, 1, 1, '', 1),
(97, 1, 'Таласъми ООД', '9_talasymi.jpg', 9, 1, 1, '', 1),
(98, 1, 'Рио', '9_rio.jpg', 9, 1, 1, '', 1),
(99, 1, 'Как да си дресираш дракон', '9_drakon_.jpg', 9, 1, 1, '', 1),
(100, 1, 'Аз, проклетникът', '9_az_prokletnikyt_1.jpg', 9, 1, 1, '', 1),
(101, 1, 'Аз, проклетникът 2', '9_az_prokletnikyt_2.jpg', 9, 1, 1, '', 1),
(102, 1, 'Феноменалните', '9_fanomenalnite.jpg', 9, 1, 1, '', 1),
(103, 1, 'Колите', '9_cars.jpg', 9, 1, 1, '', 1),
(104, 2, 'Детски песнички', '9_Детски-песнички-корица.jpg', 9, 1, 1, '', 1),
(105, 1, 'Ледена епоха', '9_ice_age1.jpg', 9, 1, 1, '', 1),
(106, 1, 'Ледена епоха 2', '9_ice_age2.jpg', 9, 1, 1, '', 1),
(107, 1, 'Ледена епоха 3', '9_ice_age_3.jpg', 9, 1, 1, '', 1),
(108, 1, 'Ледена епоха 4', '9_ice_age_4.jpg', 9, 1, 1, '', 1),
(109, 1, 'CARS TOON - MATER´S TALL TALES', '1_mcq.jpg', 1, 1, 1, '', 1),
(110, 1, 'Despicable me - funniest moments', '9_index.jpg', 9, 1, 1, '', 1),
(111, 1, 'Barbie', '1_barbie.jpg', 1, 1, 1, '', 1),
(112, 1, 'Камбанка и изгубеното съкровище', '9_Камбанка_и_изгубеното_съкровище.jpg', 9, 1, 1, '', 1),
(113, 1, 'Франклин', '9_Франклин.jpg', 9, 1, 1, '', 1),
(114, 1, 'Разбивачът ралф', '9_Разбивачът-ралф.jpg', 9, 1, 1, '', 1),
(115, 2, 'Muppet Show Songs', '8_Muppet_Show_Songs.jpg', 8, 1, 1, '', 1),
(116, 1, 'Дора изследователката', '9_Dora-explorer.jpg', 9, 1, 1, '', 1),
(117, 1, 'Губка Боб', '6_spongebob-ru.jpg', 6, 1, 1, '', 1),
(118, 1, 'Чудната Петорка', '9_Rise-of-the-Guardians-bg.jpg', 9, 1, 1, '', 1),
(119, 1, 'Замръзналото кралство', '9_Frozen-BG.jpg', 9, 1, 1, '', 1),
(120, 1, 'Спондж Боб', '9_spongebob_bg.jpg', 9, 1, 1, '', 1),
(121, 1, 'Madly Madagascar ES', '4_Madly-Madagascar.jpg', 4, 1, 1, '', 1),
(122, 1, 'Lorax', '1_Lorax-cover.jpg', 1, 1, 1, '', 1);

-- --------------------------------------------------------

--
-- Table structure for table `categories`
--

CREATE TABLE IF NOT EXISTS `categories` (
  `category_id` int(11) NOT NULL AUTO_INCREMENT,
  `name` varchar(50) NOT NULL,
  PRIMARY KEY (`category_id`)
) ENGINE=InnoDB  DEFAULT CHARSET=utf8 AUTO_INCREMENT=3 ;

--
-- Dumping data for table `categories`
--

INSERT INTO `categories` (`category_id`, `name`) VALUES
(1, 'movies'),
(2, 'songs');

-- --------------------------------------------------------

--
-- Table structure for table `languages`
--

CREATE TABLE IF NOT EXISTS `languages` (
  `language_id` int(11) NOT NULL AUTO_INCREMENT,
  `name` varchar(20) NOT NULL,
  `abbr` varchar(5) NOT NULL,
  `icon` varchar(50) NOT NULL,
  `is_public` tinyint(1) NOT NULL DEFAULT '0',
  PRIMARY KEY (`language_id`),
  KEY `abbr` (`abbr`)
) ENGINE=InnoDB  DEFAULT CHARSET=utf8 AUTO_INCREMENT=10 ;

--
-- Dumping data for table `languages`
--

INSERT INTO `languages` (`language_id`, `name`, `abbr`, `icon`, `is_public`) VALUES
(1, 'English', 'en', 'flag-en.jpg', 1),
(2, 'French', 'fr', 'flag-fr.jpg', 1),
(3, 'Dutch', 'nl', 'flag-nl.jpg', 1),
(4, 'Spanish', 'es', 'flag-es.jpg', 1),
(5, 'Italian', 'it', 'flag-it.jpg', 0),
(6, 'Russian', 'ru', 'flag-ru.jpg', 1),
(7, 'German', 'de', 'flag-de.jpg', 1),
(8, 'no selected', '--', 'no-lang.png', 1),
(9, 'Bulgarian', 'bg', 'flag-bg.jpg', 1);

-- --------------------------------------------------------

--
-- Table structure for table `links`
--

CREATE TABLE IF NOT EXISTS `links` (
  `link_id` int(11) NOT NULL AUTO_INCREMENT,
  `url` varchar(100) NOT NULL,
  `source_id` int(11) NOT NULL,
  `title` varchar(100) NOT NULL DEFAULT 'title',
  `catalog_id` int(11) NOT NULL,
  `image_name` varchar(150) NOT NULL,
  `language_id` int(11) NOT NULL DEFAULT '1',
  `agegroup_id` int(11) NOT NULL DEFAULT '1',
  `date_added` varchar(11) NOT NULL DEFAULT '0',
  `is_public` tinyint(1) NOT NULL DEFAULT '0',
  `user_id` int(11) NOT NULL,
  PRIMARY KEY (`link_id`),
  KEY `agegroup_id` (`agegroup_id`),
  KEY `catalog_id` (`catalog_id`)
) ENGINE=InnoDB  DEFAULT CHARSET=utf8 AUTO_INCREMENT=669 ;

--
-- Dumping data for table `links`
--

INSERT INTO `links` (`link_id`, `url`, `source_id`, `title`, `catalog_id`, `image_name`, `language_id`, `agegroup_id`, `date_added`, `is_public`, `user_id`) VALUES
(22, '94b515d9', 2, 'Banana', 37, '1_banana.jpg', 1, 1, '1387188175', 1, 0),
(23, '201da71f', 2, 'Orientation Day', 37, '1_orientaion_day.PNG', 1, 1, '1387188428', 1, 0),
(24, 'e89fcbd297', 2, 'Funny Minions', 37, '1_funny_minnons.PNG', 1, 1, '1387188469', 1, 0),
(25, 'f147b19383', 2, 'The Stars are Brighter', 37, '1_The Stars are Brighter.PNG', 1, 1, '1387188511', 1, 0),
(26, 'bd47bb4069', 2, 'Home Makeover', 37, '1_home.PNG', 1, 1, '1387189618', 1, 0),
(27, '1oBUvbHYGcU', 1, 'No Time For Nuts', 38, '1_notimefornuts.PNG', 8, 1, '1387197583', 1, 0),
(28, 'f12e751a4d', 2, 'Gone Nutty', 38, '1_gone nutty.PNG', 8, 1, '1387197942', 1, 0),
(29, 'e9b850c6', 2, 'Continental Crack Up', 38, '1_continental.PNG', 8, 1, '1387198363', 1, 0),
(30, 'Mpnm6lWLJsY', 1, 'Beeralarm', 2, '3_maya-1.jpg', 3, 1, '1387199022', 1, 0),
(31, '0k93k4rOgJc', 1, 'De fles van Willy', 2, '3_maya-3.jpg', 3, 1, '1387199089', 1, 0),
(32, 'pFyFkKJQzTc', 1, 'De koninklijke boodschapper', 2, '3_maya-2.jpg', 3, 1, '1387199144', 1, 0),
(33, '651522f1', 2, 'love story', 38, '1_love.PNG', 8, 1, '1387199221', 1, 0),
(34, '4HnE3PBjIkg', 1, 'Het koninklijke uitstapje', 2, '3_maya-4.jpg', 3, 1, '1387199326', 1, 0),
(35, 'BT7xhQFStgs', 1, 'philbert-2013', 2, '3_maya-5.jpg', 3, 1, '1387199406', 1, 0),
(36, 'BNsOhM9Hm20', 1, 'Hou de bal aan Het Rollen', 2, '3_maya-hou-de-bal-aan.jpg', 3, 1, '1387201818', 1, 0),
(37, '-a6Pe1ovKHg', 1, 'Partly Cloudy', 39, '1_cloudy.jpg', 0, 2, '1446387837', 1, 9),
(38, 'vrxNgK4oy9o', 1, 'Schijn bedriegt', 2, '3_maja-schijn-bedriegt.jpg', 3, 1, '1387201896', 1, 0),
(39, 'e70NIYIfiTc', 1, 'For the Birds', 39, '1_birds.jpg', 1, 1, '1387201999', 1, 0),
(40, 'pY1_HrhwaXU', 1, 'Lifted', 39, '1_lifted.jpg', 1, 1, '1387202136', 1, 0),
(41, 'q1K9EH90CyA', 1, 'Presto', 39, '1_presto.jpg', 1, 1, '1387202349', 1, 0),
(42, 'nE8xov-fDR4', 1, 'De schone Slaper', 2, '3_maya-de-schone-slaper.jpg', 3, 1, '1387202386', 1, 0),
(43, 'Eknr0U7zPs8', 1, 'Dansen met Bijen', 2, '3_maya-dansen-met-bijen.jpg', 3, 1, '1387202437', 1, 0),
(44, 'jWcnPAhOpps', 1, 'Maanbloemen', 2, '3_maya-maanbloemen.jpg', 3, 1, '1387202473', 1, 0),
(45, 'uccSxfeKvXM', 1, 'The Moon', 39, '1_moon.jpg', 1, 1, '1387202485', 0, 0),
(46, 'h9S1hdWCzyE', 1, 'Vleugellam', 2, '3_maya-vleugellam.jpg', 3, 1, '1387202532', 1, 0),
(47, 'wAAHB3uKJkE', 1, 'One Man Band ', 39, '1_manbang.jpg', 8, 1, '1387202654', 1, 0),
(48, 'Pq9yPrLWMyU', 1, 'Peck Pocketed', 39, '1_bird.jpg', 8, 1, '1387202764', 1, 0),
(49, 'bi7ybKxymao', 1, 'Day & Night', 39, '1_day.jpg', 8, 1, '1387202907', 1, 0),
(53, 'S9uk1iWEBDE', 1, 'Twit ', 41, '1_rabot.jpg', 1, 1, '1387287322', 1, 0),
(54, 'MYq_35xJtFY', 1, 'Heavenly Appeals', 41, '1_angel.jpg', 1, 1, '1387287443', 1, 0),
(55, 'a2d8899b1a', 2, 'treasure', 41, '1_treager.jpg', 1, 1, '1387287596', 1, 0),
(56, 'a5feb80bb0', 2, 'the monk and the mankey', 41, '1_monk.jpg', 1, 1, '1387287674', 1, 0),
(57, '7adbae0423', 2, 'rooted', 41, '1_roofed.jpg', 1, 1, '1387287963', 1, 0),
(58, 'cbfb563f8d', 2, 'smoke seller', 41, '1_magik.jpg', 1, 1, '1387288100', 1, 0),
(59, 'me83e3249d', 2, 'cupidon', 41, '1_copidon.jpg', 1, 1, '1387288234', 1, 0),
(60, 'CxmbmcDrXRk', 1, 'ORMIE THE PIG', 39, '1_pig.jpg', 8, 1, '1387288353', 1, 0),
(61, 'jwcLDI1pgSg', 1, 'Gopher broke', 39, '1_kl.jpg', 8, 1, '1387288501', 1, 0),
(62, '7V7MOk0FZrg', 1, 'carrot crazy', 39, '1_carrot.jpg', 8, 1, '1387288728', 1, 0),
(63, 'b37c297a', 2, 'Married Life', 41, '1_up.jpg', 1, 1, '1387355153', 1, 0),
(64, 'mhydUlIcAFg', 1, 'Bounce alert in toyland', 42, '1_noddy1.jpg', 1, 1, '1388996559', 1, 0),
(65, 'TeTNzKiosFc', 1, 'Noddy and the Magical Moondust', 42, '1_noddy2.jpg', 1, 1, '1388997973', 1, 0),
(66, 'cybN_4Qn808', 1, 'The big chicken roundup', 42, '1_noddy3.jpg', 1, 1, '1388998104', 1, 0),
(67, 'Ys46_AWxauI', 1, 'Hold on to your hat', 42, '1_noddy4.jpg', 1, 1, '1388998224', 1, 0),
(68, 'Je7SVdooxFs', 1, 'Driving miss pink cat', 42, '1_noddy5.jpg', 1, 1, '1388998373', 1, 0),
(69, 'gw1L_UZRfAA', 1, 'Noddy and the new taxi', 42, '1_noddy6.jpg', 1, 1, '1388998485', 1, 0),
(70, 'INna8YC3PBE', 1, 'Noddy goes shopping', 42, '1_noddy7.jpg', 1, 1, '1388998598', 1, 0),
(71, 'Bbp-gkRHRok', 1, 'What strange weather', 42, '1_noddy8.jpg', 1, 1, '1388998736', 1, 0),
(72, 'C9MhIG-jCrg&list', 1, 'Catch a falling star', 42, '1_noddy9.jpg', 1, 1, '1388998884', 1, 0),
(73, 'BkpKMqirIzQ&list', 1, 'Clockwork Mouse''s wish', 42, '1_noddy10.jpg', 1, 1, '1388999000', 1, 0),
(74, 'PXfO1QRMgq4&list', 1, 'Mr Plod''s Little problem', 42, '1_noddy11.jpg', 1, 1, '1388999292', 1, 0),
(75, 'TxwhTYPFKRE&list', 1, 'Mr Plot and the jail bird', 42, '1_noddy12.jpg', 1, 1, '1388999436', 1, 0),
(76, 'nlNGXpZ6VWQ&list', 1, 'Mr Sparks and the broken clock', 42, '1_noddy13.jpg', 1, 1, '1388999581', 1, 0),
(77, 'ot4W9pAW1Xc&list', 1, 'Noddy and the magic bagpipes', 42, '1_noddy14.jpg', 1, 1, '1388999736', 1, 0),
(78, 'KbcO2xpw2Go&list', 1, 'Noddy and the magic sounds cup', 42, '1_noddy15.jpg', 1, 1, '1388999858', 1, 0),
(79, '9EEMCqpU6fU&list', 1, 'Noddy and the treasure map', 42, '1_noddy16.jpg', 1, 1, '1388999968', 1, 0),
(80, 'gZ3KBX_futk', 1, 'Noddy has a visitor', 42, '1_noddy17.jpg', 1, 1, '1389002304', 1, 0),
(81, 'R1zSYo-1b1A', 1, 'Spot''s Windy Day', 43, '1_spot1.jpg', 1, 1, '1389013693', 1, 0),
(82, 'KzoBkuqqVHc', 1, 'Spot Goes on Holiday', 43, '1_spot2.jpg', 1, 1, '1389014100', 1, 0),
(83, 'rzxn5gru43s', 1, 'Spot Stays Overnight', 43, '1_spot3.jpg', 1, 1, '1389014223', 0, 0),
(84, '42VeDbY6rdg', 1, 'Makes a Cake', 43, '1_spot4.jpg', 1, 1, '1389014333', 0, 0),
(85, 'ZemdKaxtG6E', 1, 'Spot Goes to the Farm', 43, '1_spot5.jpg', 1, 1, '1389014665', 0, 0),
(86, '18SIoAafajs', 1, 'Spot Finds a Key', 43, '1_spot6.jpg', 1, 1, '1389015088', 0, 0),
(87, 'PsxAwjGwmuA', 1, 'Dribbel speelt in de wind', 44, '3_spot1.jpg', 3, 1, '1389016641', 0, 0),
(88, 'Wan1iRnsdRE', 1, 'Dribbels eerste schooldag', 44, '3_spot7.jpg', 3, 1, '1389016713', 1, 0),
(89, 'tnu38x5FBTI', 1, 'Waar is dribbel', 44, '3_dribbel1.jpg', 3, 1, '1389016818', 1, 0),
(90, 'bi1iVTgJlIw', 1, 'Dribbels verassingspakket', 44, '3_dribbel2.jpg', 3, 1, '1389016922', 1, 0),
(91, 'oWT3_6yvVio', 1, 'A Story Book Adventure', 45, '1_kitty1.jpg', 1, 1, '1389082300', 0, 0),
(92, 'J1PVeSqGrMk', 1, 'Kittylocks And The Three Bears', 45, '1_kitty2.jpg', 1, 1, '1389082712', 1, 0),
(93, 'S5-TUwVLnU0', 1, 'The great white dog-shark', 45, '1_kitty3.jpg', 1, 1, '1389083134', 1, 0),
(94, 'Oy-l_hTCBCI', 1, 'The Kitty Terrestial', 45, '1_kitty4.jpg', 1, 1, '1389083305', 1, 0),
(95, 'bt6pa1WTS0A', 1, 'Paws of the Round Table', 45, '1_kitty5.jpg', 1, 1, '1389083444', 1, 0),
(96, '0M6IULojb1I', 1, 'Snow White Kitty and the One Dwarf', 45, '1_kitty6.jpg', 1, 1, '1389083565', 1, 0),
(97, '7TTUyX85SE4', 1, 'The Nutcracker', 45, '1_kitty7.jpg', 1, 1, '1389083673', 1, 0),
(98, 'Ks4RV_a2SPw', 1, 'Theme Song', 40, '1_despicable.jpg', 1, 1, '1389104078', 1, 0),
(99, 'Es4_PzCp22U', 1, 'Pharrell Williams - Happy', 40, '1_soutrack.jpg', 1, 1, '1389104249', 1, 0),
(100, 'wCkerYMffMo', 1, 'Minions Banana Song', 40, '1_banana_song.jpg', 1, 1, '1389104326', 1, 0),
(101, 'zXp5wXoZECs', 1, 'Zeg ken jij Boris Beer?', 46, '3_boris.jpg', 3, 1, '1389183557', 1, 0),
(102, 'R5Mo6QHoX6E', 1, 'nijn is jarig', 46, '3_nijntje1.jpg', 3, 1, '1389183679', 1, 0),
(103, '20J8DUJMgA4', 1, 'Dans mee met nijntje', 46, '3_nijntje2.jpg', 3, 1, '1389183851', 1, 0),
(104, 'eu8Xohq-opI', 1, 'Nijntje en nina op het strand', 47, '3_3.jpg', 3, 1, '1389184145', 0, 0),
(105, 'sNca6kLMlyM', 1, 'nijntje maakt een sneeuwkonijn', 47, '3_nijntje4.jpg', 3, 1, '1389184325', 1, 0),
(106, 'fOtRGgpUnLE', 1, 'Nijntje en haar vriendjes nijntje is ziek', 47, '3_nijntje5.jpg', 3, 1, '1389184431', 0, 0),
(107, 'y13cI2zJ2K0', 1, 'Have you heard of boris bear?', 48, '1_boris.jpg', 1, 1, '1389184872', 1, 0),
(108, 'jjNoeYxzpa0', 1, 'Miffy''s birthday', 48, '1_nijntje1.jpg', 1, 1, '1389184921', 1, 0),
(109, 'lM_Lzs5nxbU', 1, 'Miffy''s dancing lessons', 48, '1_nijntje2.jpg', 1, 1, '1389184974', 1, 0),
(110, 'jYs7BDvr1GE', 1, 'Miffy and the snowbunny', 49, '1_nijntje4.jpg', 1, 1, '1389185104', 1, 0),
(111, 'UL8_YsZQT9U', 1, 'Woezel en Pip gaan verven', 50, '3_boq.jpg', 3, 1, '1389189089', 0, 0),
(112, '2qITYPYyPig', 1, 'Ijspret', 50, '3_kynki.jpg', 3, 1, '1389189143', 0, 0),
(113, '3j-LuarroV0', 1, 'Stout hondje, stout!', 50, '3_kavga.jpg', 3, 1, '1389189192', 0, 0),
(114, 'xyL4jiXvmyw', 1, 'Verdwaald!', 50, '3_zaguba.jpg', 3, 1, '1389189236', 0, 0),
(115, '06A8veh8DTE', 1, 'Lekker vies', 50, '3_razhvyrlqn.jpg', 3, 1, '1389189313', 0, 0),
(116, 'GQ0lrfoQihA', 1, 'Verstoppertje', 50, '3_krienica.jpg', 3, 1, '1389189362', 0, 0),
(117, 'NYhNaQODixc', 1, 'Winter in de tovertuin', 50, '3_zima.jpg', 3, 1, '1389189660', 0, 0),
(118, 'AsPGMBgmUF0', 1, 'Kikker is ongeduldig', 51, '3_kiker2.jpg', 3, 1, '1389250319', 1, 0),
(119, 'qGPg9c2p5ds', 1, 'Kikker vindt een vriendje', 51, '3_kiker3.jpg', 3, 1, '1389250369', 1, 0),
(120, 'iCNSLznOcRk', 1, 'Kikker en het Nieuwjaar', 51, '3_kiker4.jpg', 3, 1, '1389250407', 1, 0),
(121, 'F_AC0q0CpFo', 1, 'Kikker en de vreemdeling', 51, '3_kiker1.jpg', 3, 1, '1389250451', 1, 0),
(122, 'klrwF-ICsAI', 1, 'Kikker en een heel bijzondere dag', 51, '3_kiker5.jpg', 3, 1, '1389250581', 1, 0),
(123, 'EytEv1yENjM', 1, 'Kikker is bang', 51, '3_kiker6.jpg', 3, 1, '1389250708', 1, 0),
(124, 'zUrVkWWZGsI', 1, 'The Monk and the dog', 39, '8_dog_moon.jpg', 8, 1, '1389768788', 0, 0),
(125, '15431f54', 2, 'Ninja', 39, '8_ninja.jpg', 8, 1, '1389768975', 1, 0),
(126, '0a8426b679', 2, 'First flight', 39, '8_first_fly.jpg', 8, 1, '1389769197', 1, 0),
(127, '1bfc8b3c', 2, 'till the cows come home', 39, '8_cow.jpg', 8, 1, '1389769315', 1, 0),
(128, '6EAZRvEQkDc', 1, 'bridge', 39, '8_bridge.jpg', 8, 1, '1389769545', 0, 0),
(129, 'aQfZ88_vTzY', 1, 'Corto', 39, '8_corto.jpg', 8, 1, '1389769661', 1, 0),
(130, 'jEjUAnPc2VA', 1, 'Pigeon: Impossible', 41, '8_007.jpg', 8, 1, '1389769767', 1, 0),
(131, 'ZG4coPHkTmQ', 1, 'Bad Eggs', 39, '8_bad_egg.jpg', 8, 1, '1389769854', 1, 0),
(132, '0rfYuVKSuVA', 1, 'Blow Me A Kiss', 41, '8_kiss.jpg', 8, 1, '1389769975', 1, 0),
(133, '5Qx5hf1zLmk', 1, 'Girl and Robot', 39, '8_robot.jpg', 8, 1, '1389770120', 1, 0),
(134, 'lIRMXJOtfMY', 1, 'Dragonboy', 39, '8_dragon.jpg', 8, 1, '1389770279', 1, 0),
(135, 'UY6edSH6Lpg', 1, 'Bye Bye Bunny', 39, '8_bunny.jpg', 8, 1, '1389770359', 0, 0),
(136, 'vNQsIF0ut7g', 1, 'Doug ''n'' Dog', 39, '8_dog.jpg', 8, 1, '1389770467', 0, 0),
(137, '2NONAdTaWNs', 1, 'Feathered Fury', 39, '8_bee.jpg', 8, 1, '1389770559', 1, 0),
(138, '0qUJghngAIo', 1, 'Mirage', 41, '8_mirage.jpg', 8, 1, '1389771043', 1, 0),
(139, '21f1dd3e', 2, 'kingdom', 39, '8_king.jpg', 8, 1, '1389771153', 1, 0),
(140, 'e9f1fa87', 2, 'stranded', 41, '8_people.jpg', 8, 1, '1389771355', 1, 0),
(141, 'P7k2MkVYLDE', 1, 'runaway', 41, '1_12.jpg', 1, 1, '1389771611', 1, 0),
(142, 'Vpg9yizPP_g', 1, 'Big Buck Bunny', 39, '8_bunny_big.jpg', 8, 1, '1389783335', 1, 0),
(143, 'xioYFK2bUH8', 1, 'Ice Cream', 39, '8_larva.jpg', 8, 1, '1389783526', 0, 0),
(144, 'DVodBGLLkmI', 1, 'The Bigger The Better Eng', 52, '1_1.jpg', 1, 1, '1389784262', 0, 0),
(145, 'OjBrFqzi9hM', 1, 'Save the Rock Lobster Eng', 52, '1_2.jpg', 1, 1, '1389784699', 0, 0),
(146, 'TeA0NQ68AG8', 1, 'Back to Kalama Zoo', 52, '1_3.jpg', 1, 1, '1389784883', 0, 0),
(147, 'MZsmPmIAVcg', 1, 'save the bat', 52, '1_4.jpg', 1, 1, '1389785158', 1, 0),
(148, '0HwpVvFTuuI', 1, 'save the donkey', 52, '1_5.jpg', 1, 1, '1389785266', 1, 0),
(149, 'sRWeiIh4nB0', 1, 'help little Bo Peep', 52, '1_6.jpg', 1, 1, '1389785371', 1, 0),
(150, 'PnNSg2bLW9E', 1, 'Boat Builders', 53, '1_MM1.jpg', 1, 1, '1389786383', 1, 0),
(151, 'Nz9u6hszUws', 1, 'Pluto''S Party', 53, '1_MM2.jpg', 1, 1, '1389787231', 1, 0),
(152, 'KvA369KDLYg', 1, 'Bubble Bee', 53, '1_MM3.jpg', 1, 1, '1389787375', 1, 0),
(153, 'UiJkK3m4dY4', 1, 'Topsy turvy town', 53, '1_MM4.jpg', 1, 1, '1389787559', 1, 0),
(154, 'JnKfVLwAIvA', 1, 'Mickey''s Garden', 53, '1_MM5.jpg', 1, 1, '1389787900', 1, 0),
(155, 'j02HmFPpYds', 1, 'Mickey''s Trailer', 53, '1_MM6.jpg', 1, 1, '1389788099', 1, 0),
(156, 's01j-53toO8', 1, 'Runaway Brain', 53, '1_MM7.jpg', 1, 1, '1389788244', 1, 0),
(157, 'oEun1g6wLiI', 1, 'pluto''s dream house', 53, '1_MM8.jpg', 1, 1, '1389788436', 1, 0),
(158, 'kVGRR5RoCyY', 1, 'canine caddy', 53, '1_MM9.jpg', 1, 1, '1389788640', 1, 0),
(159, 'yr8oNf2xZmw', 1, 'Mickey''s elephant', 53, '1_MM10.jpg', 1, 1, '1389789013', 0, 0),
(160, 'wx0vkonq-NQ', 1, 'Mickey''s Mixed Nuts', 53, '1_MM11.jpg', 1, 1, '1389789388', 1, 0),
(161, 'RbsGWNXZ51I', 1, 'Funniest Scrat Moments', 38, '8_scrat.jpg', 8, 1, '1389790214', 1, 0),
(162, 'u2IjPjWj6X0', 1, 'The Moving Day', 53, '1_MM12.jpg', 1, 1, '1389790500', 1, 0),
(163, '4uuPu5AnDxg', 1, 'Mickey''s Rival', 53, '1_MM13.jpg', 1, 1, '1389790680', 1, 0),
(164, 'w9j3-ghRjBs', 1, 'The Power of Teamwork', 39, '8_team.jpg', 8, 1, '1389791972', 1, 0),
(165, 'JuyB7NO0EYY', 1, 'brain divided', 41, '1_love.jpg', 1, 1, '1389792192', 1, 0),
(166, 'oyjw0ZLyzpE', 1, 'The Colors of Evil', 41, '1_evil.jpg', 1, 1, '1389792488', 1, 0),
(167, 'v_6KuYtc0Z8', 1, 'The Wheels On The Bus', 54, '1_The-wheels-on-the-bus.jpg', 1, 1, '1389950666', 1, 0),
(168, '18ZT8IrN9qo', 1, 'ABC Superstar', 54, '1_ABC-song.jpg', 1, 1, '1389952206', 1, 0),
(169, '1OT9nbFBP7g', 1, 'Head Shoulders Knees and Toes', 54, '1_Head-Shoulders-Knees-and-Toes.jpg', 1, 1, '1389952829', 1, 0),
(170, 'beojQTxwLNk', 1, 'Old MacDonald Had A Farm', 54, '1_Old-MacDonald-Had-A-Farm.jpg', 1, 1, '1389953392', 1, 0),
(171, 'Q-l2P-b5z2s', 1, 'Itsy Bitsy, Incy Wincy, & Teeny Weeny Spider', 54, '1_Itsy-Bitsy-Incy-Wincy-&-Teeny-Weeny-Spider.jpg', 1, 1, '1389954214', 1, 0),
(172, 'pk2uLmT9068', 1, 'If You''re Happy and You Know It', 54, '1_If-You''re-Happy-and-You-Know-It.jpg', 1, 1, '1389962224', 1, 0),
(173, 'BMi4BIrYHsk', 1, 'Row Row Row Your Boat', 54, '1_Row-Row-Row-Your-Boat.jpg', 1, 1, '1389962617', 1, 0),
(174, 'BIHnCfLBx-o', 1, 'Twinkle Twinkle Little Star', 54, '1_Twinkle-Twinkle-Little-Star-The-GB.jpg', 1, 1, '1389963209', 1, 0),
(175, '9yzLcLQ9oNE', 1, 'Five Little Monkeys Jumping on the Bed', 54, '1_Jumping-Monkeys.jpg', 1, 1, '1389964497', 1, 0),
(176, 'qcPS5_80UIY', 1, 'The GiggleBelly Train', 54, '1_The-GiggleBelly-Train.jpg', 1, 1, '1389964984', 1, 0),
(178, '1Ziku4FLka4', 1, 'Good Morning, Mr. Rooster', 55, '1_Good-Morning-Mr.-Rooster.jpg', 1, 1, '1389970037', 1, 0),
(179, 'yCjJyiqpAuU', 1, 'Twinkle Twinkle Little Star with owl', 55, '1_Twinkle-Twinkle-Little-Star.jpg', 1, 1, '1389970381', 1, 0),
(181, 'tbbKjDjMDok', 1, 'Little Snowflake', 55, '1_Little-Snowflake.jpg', 1, 1, '1389983465', 1, 0),
(182, 'TdDypyS_5zE', 1, 'Ten In The Bed', 55, '1_Ten-In-The-Bed.jpg', 1, 1, '1389984031', 1, 0),
(183, '5XEN4vtH4Ic', 1, 'ABC Song', 55, '1_ABC-Song.jpg', 1, 1, '1389989955', 1, 0),
(184, '9mmF8zOlh_g', 1, 'Bingo', 55, '1_Bingo.jpg', 1, 1, '1389992660', 1, 0),
(185, 'HGgsklW-mtg', 1, 'Hickory Dickory Dock', 55, '1_Hickory-Dickory-Dock.jpg', 1, 1, '1389993485', 1, 0),
(186, 'ZhODBFQ2-bQ', 1, 'Five Little Monkeys', 55, '1_Five-Little-Monkeys.jpg', 1, 1, '1389994242', 1, 0),
(187, '7otAJa3jui8', 1, 'Row Row Row Your Boat 2', 55, '1_Row-Row-Row-Your-Boat-2.jpg', 1, 1, '1389995145', 1, 0),
(188, 'c3v0rJqyCTM', 1, 'Rain Rain Go Away', 55, '1_Rain.jpg', 1, 1, '1389995844', 1, 0),
(189, 'ND24mhxoITU', 1, 'Een treintje ging uit rijden', 56, '3_Een-treintje-ging-uit-rijden.JPG', 3, 1, '1390147695', 1, 0),
(190, 'amqDU-XXYZA', 1, 'Op een klein stationnetje', 56, '3_Op-een-klein-stationnetje.JPG', 3, 1, '1390148087', 1, 0),
(191, 'BlMMS94T8Uc', 1, 'Berend botje', 56, '3_Berend-botje.JPG', 3, 1, '1390148536', 1, 0),
(192, '1vkQWShfvWs', 1, 'Schuitje varen', 56, '3_Schuitje-varen.JPG', 3, 1, '1390149132', 1, 0),
(193, '8Ow_TUDRcFQ', 1, 'Mosselman', 56, '3_Mosselman.JPG', 3, 1, '1390149636', 1, 0),
(194, '0FA-cfj8TaE', 1, 'Hoedje van papier', 56, '3_Hoedje-van-papier.JPG', 3, 1, '1390150036', 1, 0),
(195, 'J-rpxDyXibs', 1, 'Drie kleine kleutertjes', 56, '3_Drie-kleine-kleutertjes.JPG', 3, 1, '1390152627', 1, 0),
(196, 't575Ab5LC-c', 1, 'Twee emmertjes water halen', 56, '3_Twee-emmertjes-water-halen.JPG', 3, 1, '1390153052', 1, 0),
(197, 'qye86QNNFJ8', 1, 'In holland staat een huis', 56, '3_In-holland-staat-een-huis.JPG', 3, 1, '1390153820', 1, 0),
(198, 'dkjzAVhBUUg', 1, 'Opa bakkebaard', 56, '3_Opa-bakkebaard.JPG', 3, 1, '1390157031', 1, 0),
(199, 'w4EnROuaT9Q', 1, 'Seaside', 57, '1_BH-SeaSide.jpg', 1, 1, '1390210316', 0, 0),
(203, 'ZzcgZinevHI', 1, 'Hannes loopt op klompen', 56, '3_Hannes-loopt-op-klompen.jpg', 3, 1, '1390296873', 1, 0),
(204, 'TStXDG5DIVg', 1, 'Bim bam beieren', 56, '3_Bim-bam-beieren.JPG', 3, 1, '1390297177', 1, 0),
(205, 'ero_z_1irPw', 1, 'Joepie joepie', 56, '3_Joepie-joepie.JPG', 3, 1, '1390298107', 1, 0),
(206, 'LviFgdVsnsw', 1, 'Wij voeren met een zucht', 56, '3_Wij-voeren-met-een-zucht.JPG', 3, 1, '1390298390', 1, 0),
(207, 'wawOZ3JI8so', 1, 'Piet de smeerpoets', 56, '3_Piet-de-smeerpoets.JPG', 3, 1, '1390298724', 1, 0),
(208, 'P7ipjEOdceM', 1, 'Les petits poissons dans l''eau', 59, '2_Les-petits-poissons-dans-l''eau.JPG', 2, 1, '1390302152', 1, 0),
(209, 'WFf_tt4xZFA', 1, 'Dans la ferme de Mathurin', 59, '2_Dans-la-ferme-de-Mathurin.JPG', 2, 1, '1390302219', 1, 0),
(210, 'kdi2z7KOO4Y', 1, 'La mère Michel', 59, '2_La-mère-Michel.JPG', 2, 1, '1390302327', 1, 0),
(211, 'nwk8Lsgygsg', 1, 'Ainsi font les petites marionnettes', 59, '2_Ainsi-font-les-petites-marionnettes.JPG', 2, 1, '1390302452', 1, 0),
(212, 'cA0v1N4mkPc', 1, 'Au clair de la lune', 59, '2_Au-clair-de-la-lune.JPG', 2, 1, '1390302518', 1, 0),
(213, 'jkWg6k6sEAw', 1, 'A la peche aux moules', 59, '2_A-la-peche-aux-moules.JPG', 2, 1, '1390306886', 1, 0),
(214, 'MpUNmriaiz4', 1, '1, 2, 3, nous irons au bois', 59, '2_1-2-3-nous-irons-au-bois.JPG', 2, 1, '1390307381', 1, 0),
(215, 'D_4symXPhV4', 1, 'Au feu les pompiers', 59, '2_Au-feu-les-pompiers.JPG', 2, 1, '1390307915', 1, 0),
(216, 'sY_7j93I0GA', 1, 'C''est la baleine', 59, '2_C''est-la-baleine.JPG', 2, 1, '1390308221', 1, 0),
(217, 'nU_8dFOhQCQ', 1, 'Le fermier dans son pré', 59, '2_Le-fermier-dans-son-pré.JPG', 2, 1, '1390308572', 1, 0),
(218, 'PYfaNzQgFrk', 1, 'Dans la foret lointaine', 59, '2_Dans-la-foret-lointaine.JPG', 2, 1, '1390309022', 1, 0),
(219, '2pjJKoDGKmY', 1, 'Frere Jacques', 59, '2_Frere-Jacques.JPG', 2, 1, '1390309775', 1, 0),
(220, 'hTP4F2xV4WE', 1, 'Ah vous dirai-je maman', 59, '2_Ah-vous-dirai-je-maman.JPG', 2, 1, '1390311097', 1, 0),
(221, '6NeHagEoqjc', 1, 'La semaine des canards', 59, '2_La-semaine-des-canards.JPG', 2, 1, '1390311590', 1, 0),
(222, '0cx37tJsExk', 1, 'Le petit ver de terre', 59, '2_Le-petit-ver-de-terre.JPG', 2, 1, '1390312116', 1, 0),
(223, 'vH_549729VA', 1, 'Trotro fait de la peinture', 60, '2_Trotro-fait-de-la-peinture.jpg', 2, 1, '1390313912', 0, 0),
(224, 'wBO5oHGZdDY', 1, 'Trotro et le sapin de noel', 60, '2_Trotro-et-le-sapin-de-noel.JPG', 2, 1, '1390314705', 0, 0),
(225, '-5FmsP1c60g', 1, 'Trotro fait de la luge', 60, '2_Trotro-fait-de-la-luge.JPG', 2, 1, '1390315143', 1, 0),
(226, 'YqlOUvV_4Vc', 1, 'Trotro et le bonhomme de neige', 60, '2_Trotro-et-le-bonhomme-de-neige.JPG', 2, 1, '1390315659', 0, 0),
(227, 'sGENRwutM7Q', 1, 'Trotro et le sac porte bonheur', 60, '2_Trotro-et-le-sac-porte-bonheur.JPG', 2, 1, '1390316107', 1, 0),
(228, 'bAbtXXGBjDQ', 1, 'Sandy''s Rocket', 61, '1_Bob1.jpg', 1, 1, '1390371022', 0, 0),
(229, 'M1u7ZTy8_4w', 1, 'Culture Shock', 61, '1_Bob2.jpg', 1, 1, '1390371065', 0, 0),
(230, 'wQnso0Jzp00', 1, 'Opposite Day', 61, '1_Bob3.jpg', 1, 1, '1390371106', 0, 0),
(231, 'D118S_ngq38', 1, 'Boating School', 61, '1_Bob4.jpg', 1, 1, '1390371297', 0, 0),
(232, 'FC-hGI7t0BA', 1, 'Promenade sous terre dessins', 62, '2_kitty_fr1.jpg', 2, 1, '1390372040', 0, 0),
(233, 'CZVOZpKByKg', 1, 'Les sacs magiques', 62, '2_kitty_fr2.jpg', 2, 1, '1390372607', 0, 0),
(234, '74wfmTCZZIM', 1, 'Hello Kitty au pays du papier', 62, '2_kitty_fr3.jpg', 2, 1, '1390372842', 0, 0),
(235, 'cxB23Q0Yw8A', 1, 'Réveil en fleur', 62, '2_kitty_fr4.jpg', 2, 1, '1390373047', 0, 0),
(236, 'VbmtsLbt9xc', 1, 'Goodnight and Good Chuck', 63, '1_Penguins1.jpg', 1, 1, '1390373937', 0, 0),
(237, 'OqJsshLEZEI', 1, 'Marble Jarhead', 63, '1_Penguins2.jpg', 1, 1, '1390374115', 1, 0),
(238, 'hVUMMJjPn60', 1, 'Christmas', 63, '1_Penguins3.jpg', 1, 1, '1390374361', 0, 0),
(239, 'bW1NHgJs-Ro', 1, 'Scoop''s Dinosaur', 64, '1_bilder1.jpg', 1, 1, '1390376658', 1, 0),
(240, 'l3pDX41AERw', 1, 'Muck''s Train to Trouble', 64, '1_bilder2.jpg', 1, 1, '1390376699', 1, 0),
(241, 'O0sqvSfa4Tg', 1, 'The Beach Tower Disaster', 64, '1_bilder3.jpg', 1, 1, '1390376738', 1, 0),
(242, 'IHtKKpEN2iI', 1, 'Roley and the Impossible Bump', 64, '1_bilder4.jpg', 1, 1, '1390376773', 1, 0),
(243, 'wIUS0jxW8zA', 1, 'Toc-Toc est amoureux', 65, '2_Toc-Toc-est-amoureux.JPG', 2, 1, '1390377062', 1, 0),
(244, 'tknrD4MXj3E', 1, 'Un week-end chez Alice', 65, '2_Un-week-end-chez-Alice.JPG', 2, 1, '1390377470', 1, 0),
(245, 'snrQ-8jL8nw', 1, 'How many colors do you know', 66, '1_bubble_guppus1.jpg', 1, 1, '1390377848', 1, 0),
(246, 'Gw4sv_OsZsU', 1, 'Pets dance', 66, '1_bubble_guppus2.jpg', 1, 1, '1390377880', 1, 0),
(247, 'ZXswAgCDLHY', 1, 'Bunch of Bones', 66, '1_bubble_guppus3.jpg', 1, 1, '1390377923', 1, 0),
(248, 'g8FnDa1_gI0', 1, 'Pizza Pie', 66, '1_bubble_guppus4.jpg', 1, 1, '1390377962', 1, 0),
(249, 'TdzbY9iyZIk', 1, 'Build Me a building', 66, '1_bubble_guppus5.jpg', 1, 1, '1390378119', 1, 0),
(250, '7Uyzuj1dVVM', 1, 'Le retour de Quincy', 65, '2_Le-retour-de-Quincy.JPG', 2, 1, '1390378456', 1, 0),
(251, 'goayQwz9Gbg', 1, 'Le photographe', 65, '2_Le-photographe.JPG', 2, 1, '1390379044', 1, 0),
(252, 'ZMEJn3Dg2KA', 1, 'Le voleur de fantomes', 65, '2_Le-voleur-de-fantomes.JPG', 2, 1, '1390379761', 1, 0),
(253, 'gUjuVWljPsk', 1, 'Grashapper', 67, '3_Grashapper.JPG', 3, 1, '1390381309', 1, 0),
(254, 'dpNDUQ_nT3U', 1, 'Ferdy en de Politie', 67, '3_Ferdy-en-de-Politie.JPG', 3, 1, '1390381818', 1, 0),
(255, 'sW0U3faR5T4', 1, 'De Bosmieren', 67, '3_De-Bosmieren.JPG', 3, 1, '1390382150', 1, 0),
(256, 'TdJXv970zUk', 1, 'De Grot', 67, '3_De-Grot.JPG', 3, 1, '1390382627', 1, 0),
(257, 'F98Io3Fu8Cg', 1, 'Ferdy Heeft Een Idee', 67, '3_Ferdy-Heeft-Een-Idee.JPG', 3, 1, '1390383146', 1, 0),
(258, 'yWC7aUTw9zE', 1, 'Le bal de la fraise scintillante', 68, '2_Le-bal-de-la-fraise-scintillante.JPG', 2, 1, '1390387909', 1, 0),
(259, 'GIuAPbTfROM', 1, 'Le club des bons citoyens', 68, '2_Le-club-des-bons-citoyens.JPG', 2, 1, '1390389742', 0, 0),
(260, 'ROKe5m0Qhqk', 1, 'Le Ballon vole', 68, '2_Le-Ballon-vole.JPG', 2, 1, '1390390726', 1, 0),
(261, '3LBGA7NXR-o', 1, 'La Rentrée Des Classes', 69, '2_La-Rentrée-Des-Classes.JPG', 2, 1, '1390392595', 0, 0),
(262, 'J7SjeGJJd-8', 1, 'Le Noël magique', 69, '2_Le-Noël-magique.JPG', 2, 1, '1390393195', 0, 0),
(263, 'VrKXC75LX6c', 1, 'Meilleur Ami', 69, '2_Meilleur-Ami.JPG', 2, 1, '1390394296', 0, 0),
(264, '03j-0YFItpg', 1, 'King Thistle''s New Clothes', 57, '1_King-Thistle''s-New-Clothes.JPG', 1, 1, '1390397489', 0, 0),
(265, 'rAux8yfks_s', 1, 'The Elf Factory', 57, '1_The-Elf-Factory.JPG', 1, 1, '1390397824', 0, 0),
(266, 'NSwNiZidAbA', 1, 'The Shooting Star', 57, '1_The-Shooting-Star.JPG', 1, 1, '1390398170', 1, 0),
(267, '_hZuGjI1nJk', 1, 'The Elf Games', 57, '1_The-Elf-Games.JPG', 1, 1, '1390398657', 0, 0),
(268, 'Z0LZpKmyr14', 1, 'Mrs Witch', 57, '1_Mrs-Witch.JPG', 1, 1, '1390399148', 0, 0),
(269, '9e1zU6W42ok', 1, 'Books', 57, '1_Books.JPG', 1, 1, '1390399642', 0, 0),
(270, 'CUae6fhYnYw#t=13', 1, 'T''choupi a la piscine', 70, '2_T''choupi-a-la-piscine.JPG', 2, 1, '1390400965', 0, 0),
(271, '51SvigGEEvE', 1, 'T''choupi malade', 70, '2_T''choupi-malade.JPG', 2, 1, '1390401339', 1, 0),
(272, 'MfgOXjFVV0c', 1, 'T''choupi ne veut pas grandir', 70, '2_T''choupi-ne-veut-pas-grandir.JPG', 2, 1, '1390401702', 0, 0),
(273, 'OeFw2JhMe8o', 1, 'T''choupi au centre aéré', 70, '2_T''choupi-au-centre-aéré.JPG', 2, 1, '1390401930', 0, 0),
(274, 'euOtGNSFQns', 1, 'T''choupi au square', 70, '2_T''choupi-au-square.JPG', 2, 1, '1390402245', 0, 0),
(275, 'moSFlvxnbgk', 1, 'Let It Go', 71, '1_Let-It-Go.JPG', 1, 1, '1390463635', 1, 0),
(281, 'UFatVn1hP3o', 1, 'In Summer', 71, '1_In-Summer.JPG', 1, 1, '1390470954', 1, 0),
(283, 'N3fhM1u2bQA', 1, 'The Puppy and the Ring', 72, '1_The-Puppy-and-the-Ring.JPG', 1, 1, '1390481159', 0, 0),
(284, '3qcErpu1DbA', 1, 'T''choupi et le Père Noel', 70, '2_T''choupi-et-le-Père-Noel.JPG', 2, 1, '1390485145', 0, 0),
(285, 'bpMowUgyzYI', 1, 'Drôle de rencontre', 70, '2_Drôle-de-rencontre.JPG', 2, 1, '1390485630', 0, 0),
(286, 'qKw3IPuCM_A', 1, 'Cloudy with a Chance of Meatballs', 73, '1_Cloudy-with-Meatballs.jpg', 1, 1, '1390917036', 0, 0),
(289, 'vxL97pO29-E', 1, 'Tarzan & Jane', 73, '1_Tarzan-and-Jane-korica.JPG', 1, 1, '1390981880', 0, 0),
(290, 'PmCWs6hM-PA', 1, 'Tarzan 2', 73, '1_Tarzan-2.JPG', 1, 1, '1390982488', 0, 0),
(291, 'uwFWZuVcyYw', 1, 'Sinbad', 73, '1_sinbad.jpg', 1, 1, '1390999159', 0, 0),
(292, '0rdeCLGQDB4', 1, 'The Edge Of Glory', 74, '8_The-Edge-Of-Glory.JPG', 8, 1, '1390999275', 1, 0),
(293, '_bSZUcL5Hmk', 1, 'Call Me Maybe', 74, '8_Call-Me-Maybe.JPG', 8, 1, '1390999631', 1, 0),
(294, 'KHcIEHrq_ps', 1, 'Born This Way', 74, '8_Born-This-Way.JPG', 8, 1, '1391000129', 1, 0),
(295, 'tbYNyUZdDYc', 1, 'Say Hey (I Love You)', 74, '8_Say-Hey-I-Love-You.JPG', 8, 1, '1391000897', 1, 0),
(296, '9bZkp7q19f0', 1, 'GANGNAM STYLE', 74, '8_GANGNAM-STYLE.JPG', 8, 1, '1391002725', 1, 0),
(297, 'AG-GB3yozO0', 1, 'Gruselgeschichte', 75, '7_mondbar1.jpg', 7, 1, '1391002887', 0, 0),
(298, '1-v-WHTPOlc', 1, 'Der Riesenkäfer', 75, '7_mondbar2.jpg', 7, 1, '1391003017', 0, 0),
(299, 'ASO_zypdnsQ', 1, 'GENTLEMAN', 74, '8_GENTLEMAN.JPG', 8, 1, '1391003080', 1, 0),
(300, 'K-GtR-WXQdA', 1, 'Besucht kranken Freund', 75, '7_mondbar3.jpg', 7, 1, '1391003165', 0, 0),
(301, 'BtoHSGwksc8', 1, 'Stellt seinen neuen Freund vor', 75, '7_mondbar4.jpg', 7, 1, '1391003337', 1, 0),
(302, 'zDMqCcnu89k', 1, 'Das verhexte Motorrad', 75, '7_mondbar5.jpg', 7, 1, '1391003526', 0, 0),
(303, '8y2bgZa1CXc', 1, 'Das Waldtelefon', 75, '7_mondbar6.jpg', 7, 1, '1391003702', 1, 0),
(304, 'QRF1fHBC_Mc', 1, 'Who Am I (Tarzan 2)', 74, '8_Who-Am-I.JPG', 8, 1, '1391003739', 1, 0),
(305, 'qMHcq3DxscM', 1, 'Die Purzelbaumschule', 75, '7_mondbar7.jpg', 7, 1, '1391003838', 1, 0),
(306, '5NNi4JIwsCo', 1, 'Balada', 74, '8_Balada.JPG', 8, 1, '1391004176', 1, 0),
(307, 'y6Sxv-sUYtM', 1, 'Happy', 74, '8_Happy.JPG', 8, 1, '1391005283', 1, 0),
(308, 'PH_MI3NHlug', 1, 'Turbobaby', 76, '7_lauras_stern1.jpg', 7, 1, '1391068015', 0, 0),
(309, '6NVvz5PU04A', 1, 'Zauberpulver', 76, '7_lauras_stern2.jpg', 7, 1, '1391068256', 0, 0),
(310, 'zhGO2UvT0x0', 1, 'Tanz mit mir', 76, '7_lauras_stern3.jpg', 7, 1, '1391068370', 0, 0),
(311, 'BGpyFjKrG0E', 1, 'Der Dieb', 76, '7_lauras_stern4.jpg', 7, 1, '1391068556', 0, 0),
(312, 'Dl8cZgRmP9I', 1, 'Grosses Theater', 76, '7_lauras_stern5.jpg', 7, 1, '1391068693', 0, 0),
(313, 'dYsD0fS-Xs0', 1, 'Das kleine Gespenst', 76, '7_lauras_stern6.jpg', 7, 1, '1391069178', 0, 0),
(314, 'E_QfVkCG8kQ', 1, 'Der Hauptgewinn', 76, '7_lauras_stern7.jpg', 7, 1, '1391069355', 0, 0),
(315, 'oKwIpOBklLk', 1, 'Der Krankenbesuch', 76, '7_lauras_stern8.jpg', 7, 1, '1391069504', 0, 0),
(316, 'Z3vU0Do4YBQ', 1, 'Galapagos Geschichten', 77, '7_mama_mirabelles1.jpg', 7, 1, '1391069962', 0, 0),
(317, 'dbmk6XTvM2o', 1, 'Helfende Freunde', 77, '7_mama_mirabelles2.jpg', 7, 1, '1391070429', 0, 0),
(318, 'VyP47NpDPRM', 1, 'Spuren im Sand ', 77, '7_mama_mirabelles3.jpg', 7, 1, '1391070602', 0, 0),
(319, 'r07_LmzsJtc', 1, 'Das Schlammbad', 77, '7_mama_mirabelles4.jpg', 7, 1, '1391070791', 0, 0),
(320, 'vXxFz9gIPIk', 1, 'Mamas Welt ', 77, '7_mama_mirabelles5.jpg', 7, 1, '1391071059', 0, 0),
(321, 'F822P6QZc0w', 1, 'Ich mag keine Schlangen', 77, '7_mama_mirabelles6.jpg', 7, 1, '1391071286', 0, 0),
(322, '3PDuOuk8478', 1, 'Zurück nach Hause', 77, '7_mama_mirabelles7.jpg', 7, 1, '1391071494', 0, 0),
(323, 'VIErmz6VeZ8', 1, 'Mag kein Fisch', 78, '7_trotro1.jpg', 7, 1, '1391071882', 1, 0),
(324, '2xj9XbPbFpc', 1, 'Nascht Himbeeren', 78, '7_trotro2.jpg', 7, 1, '1391071996', 1, 0),
(325, 'ltZTPjF3-aI', 1, 'Der kleine Tiger', 78, '7_trotro3.jpg', 7, 1, '1391072129', 1, 0),
(326, '1BhKXINInFQ', 1, 'Spielsachen', 78, '7_trotro4.jpg', 7, 1, '1391073090', 1, 0),
(327, 'kI_3-1OygU0', 1, 'Wäscht sich', 78, '7_trotro5.jpg', 7, 1, '1391073256', 1, 0),
(328, 'RuCgZG2jDdY', 1, 'Trotro spielt im Bett', 78, '7_trotro6.jpg', 7, 1, '1391073408', 1, 0),
(329, 'ODIS4glfAGE', 1, 'Trotro kocht eine Suppe', 78, '7_trotro7.jpg', 7, 1, '1391073520', 1, 0),
(330, 'ozwFQ9D8rO0', 1, 'Trotro und das Picknick', 78, '7_trotro8.jpg', 7, 1, '1391073639', 1, 0),
(331, 'yQ7IDzYMDzk', 1, 'Drachenflieger', 79, '7_jonalu1.jpg', 7, 1, '1391078777', 0, 0),
(332, '7cvN4Y-Gxw4', 1, 'Die Gespensterjagd', 79, '7_jonalu2.jpg', 7, 1, '1391079031', 0, 0),
(333, 'gQIOmOosYrM', 1, 'Wandertag', 79, '7_jonalu3.jpg', 7, 1, '1391079428', 0, 0),
(334, 'GEUPfSYVHTM', 1, 'Das grosse Spiel', 79, '7_jonalu4.jpg', 7, 1, '1391080737', 0, 0),
(335, 'TeE_akg6h0A', 1, 'Kunterbunt gemalt', 79, '7_jonalu5.jpg', 7, 1, '1391083222', 0, 0),
(336, 'e5cJ6_hP-JQ', 1, 'Der Pusteblumentag', 79, '7_jonalu6.jpg', 7, 1, '1391083457', 0, 0),
(337, '_EiFJfWSXW4', 1, 'In der Falle', 79, '7_jonalu7.jpg', 7, 1, '1391083606', 0, 0),
(338, 'n9lxn5QWQCs', 1, 'Anywhere in the World', 74, '8_Anywhere-in-the-World.jpg', 8, 1, '1391084847', 1, 0),
(339, 'unfzfe8f9NI', 1, 'Mamma Mia', 74, '8_Mamma-Mia.JPG', 8, 1, '1391085809', 1, 0),
(340, 'pRpeEdMmmQ0', 1, 'Waka Waka', 74, '8_Waka-Waka.JPG', 8, 1, '1391086835', 1, 0),
(341, 'm5P_JZGD3PQ', 1, 'ABC, die Katze lief im Schnee', 80, '7_katze.jpg', 7, 1, '1391086894', 1, 0),
(342, 'B2JSdgbKdHU', 1, 'Häschen in der Grube', 80, '7_Haschen.jpg', 7, 1, '1391087076', 1, 0),
(343, 'SwfwduqBOzQ', 1, 'Alle Vögel sind schon da', 80, '7_Vogel.jpg', 7, 1, '1391087194', 1, 0),
(344, 'D2VTOlVVIoo', 1, 'Der Kuckuck und der Esel', 80, '7_Esel.jpg', 7, 1, '1391087302', 1, 0),
(345, 's2G-GKLpA4Y', 1, 'Auf einem Baum ein Kuckuck saß', 80, '7_Kuckuck.jpg', 7, 1, '1391087526', 1, 0),
(346, 'lpq8QIh5CYM', 1, 'Alle meine Entchen', 80, '7_Entchen.jpg', 7, 1, '1391087875', 1, 0),
(347, 'BKzoXXXar9I', 1, 'Summ Bienchen summ herum', 80, '7_Bienchen.jpg', 7, 1, '1391088093', 1, 0),
(348, 'hd4F4pd2w-A', 1, 'Backe, backe Kuchen', 81, '7_backer.jpg', 7, 1, '1391088383', 1, 0),
(349, 'VCL78fdsl6Y', 1, 'Ich geh mit meiner Laterne', 81, '7_laterne.jpg', 7, 1, '1391088458', 1, 0),
(350, 'pgMK1rBsBUI', 1, 'Hänsel und Gretel', 81, '7_hanzel.jpg', 7, 1, '1391088562', 1, 0),
(351, 'AYaRCtgM7ls', 1, '3 Chinesen mit dem Kontrabass', 81, '7_kontrabass.jpg', 7, 1, '1391088676', 1, 0),
(352, '7HR21T2tQ7Y', 1, 'Im Märzen der Bauer', 81, '7_Bauer.jpg', 7, 1, '1391156477', 1, 0),
(353, 'ugMVMr5vpJY', 1, 'Am Brunnen vor dem Tore', 81, '7_Tore.jpg', 7, 1, '1391156603', 1, 0),
(354, '7Xs3S4QI5AI', 1, 'DINOTOPIA', 82, '4_dinotopia.jpg', 4, 1, '1391156634', 1, 0),
(355, 'L81g3XI8z_o', 1, 'Es klappert die Mühle am rauschenden Bach', 81, '7_Bach.jpg', 7, 1, '1391156756', 1, 0),
(356, 'pEhro7jLF70', 1, 'Widele wedele', 81, '7_widele.jpg', 7, 1, '1391156941', 1, 0),
(357, 'yM87KmxXfwI', 1, 'Hoppe, hoppe Reiter', 80, '7_reider.jpg', 7, 1, '1391157141', 1, 0),
(358, '0pkj_UKNY6M', 1, 'Brüderchen komm tanz mit mir', 81, '7_Bruder.jpg', 7, 1, '1391157445', 1, 0),
(359, '3iT1MVpIgqA', 1, 'Taler Taler du musst wandern', 81, '7_Taler.jpg', 7, 1, '1391157758', 1, 0),
(360, 'KoKt2WXHiyg', 1, 'Fuchs du hast die Gans gestohlen', 80, '7_Fuchs.jpg', 7, 1, '1391158375', 1, 0),
(361, 'CSdGB_r6ZkQ', 1, 'Первая встреча', 83, '6_Первая-встреча.JPG', 6, 1, '1391167239', 1, 0),
(362, '13L2FaAg6hI', 1, 'В городе и на пляже', 84, '6_nupogodi1.jpg', 6, 1, '1391167363', 1, 0),
(363, 'GSPmOjwoYXY', 1, 'В городском парке', 84, '6_nupogodi2.jpg', 6, 1, '1391167397', 1, 0),
(364, '_UvQKAECr7E', 1, 'На дороге', 84, '6_nupogodi3.jpg', 6, 1, '1391167491', 1, 0),
(365, 'geNjI1VfDQ4', 1, 'На стадионе', 84, '6_nupogodi4.jpg', 6, 1, '1391167523', 1, 0),
(366, 'er640M4OUZM', 1, 'В городе ', 84, '6_nupogodi5.jpg', 6, 1, '1391167558', 1, 0),
(367, '6vPDvbD1SKg', 1, 'Ловись рыбка', 83, '6_Ловись-рыбка.JPG', 6, 1, '1391167588', 1, 0),
(368, 'rPjIoNWuFXA', 1, 'В деревне', 84, '6_nupogodi6.jpg', 6, 1, '1391167598', 1, 0),
(369, '9d2PZyq06jg', 1, 'На корабле', 84, '6_nupogodi7.jpg', 6, 1, '1391167634', 1, 0),
(370, '09sNYKJzgOY', 1, 'Новый год', 84, '6_nupogodi8.jpg', 6, 1, '1391167668', 1, 0),
(371, 'CiprbgZpvU4', 1, 'В телестудии ', 84, '6_nupogodi9.jpg', 6, 1, '1391167697', 1, 0),
(373, 'qd6OtRox9V8', 1, 'Ёлочка, гори!', 83, '6_Ёлочка-гори.JPG', 6, 1, '1391167989', 1, 0),
(374, '3_mFeqFjq1g', 1, 'На стройке', 84, '6_nupogodi10.jpg', 6, 1, '1391170229', 1, 0),
(375, 'vkVZ7PviJ5E', 1, 'До весны не будить', 83, '6_До-весны-не-будить.JPG', 6, 1, '1391170728', 1, 0),
(376, '-OrWB1Su79U', 1, 'Весна пришла', 83, '6_Весна-пришла.JPG', 6, 1, '1391171179', 1, 0),
(377, 'rnm61GN2O8w', 1, 'Следы невиданных зверей', 83, '6_Следы-невиданных-зверей.JPG', 6, 1, '1391171383', 1, 0),
(378, 'hC18lbsJxLY', 1, 'С волками жить', 83, '6_С-волками-жить.JPG', 6, 1, '1391172068', 1, 0),
(379, 'qlaNW3mZ4wc', 1, 'Пчелоптицепес', 85, '6_Barboskin1.jpg', 6, 1, '1391172264', 1, 0),
(380, 'LgkE90RHey4', 1, 'Глобальное потепление', 85, '6_Barboskin2.jpg', 6, 1, '1391172463', 1, 0),
(381, 'ZXn3iFY4Y70', 1, 'Космический шлем', 85, '6_Barboskin3.jpg', 6, 1, '1391172568', 1, 0),
(382, 'kBu6dccKIj4', 1, 'Позвони мне, позвони', 83, '6_Позвони-мне-позвони.JPG', 6, 1, '1391172640', 1, 0),
(383, 'JDBJAoGOBA4', 1, 'Бум-бум,шака-така!', 85, '6_Barboskin4.jpg', 6, 1, '1391172753', 1, 0),
(384, 'nsArdRiBHJ8', 1, 'Симулянт ', 85, '6_Barboskin5.jpg', 6, 1, '1391172844', 1, 0),
(385, 'n-6IBMH8wic', 1, 'День варенья', 83, '6_День-варенья.JPG', 6, 1, '1391172938', 1, 0),
(386, 'C3jfzxNEtj0', 1, 'Элементарная физика', 85, '6_Barboskin6.jpg', 6, 1, '1391172946', 1, 0),
(387, 'SUIb_Sdh2NY', 1, 'Необычная ночь', 85, '6_Barboskin7.jpg', 6, 1, '1391173076', 1, 0),
(388, '4m59MHHwFRo', 1, 'Праздник на льду', 83, '6_Праздник-на-льду.JPG', 6, 1, '1391173357', 1, 0),
(389, 'uYayowNHxTo', 1, 'Трубы', 86, '6_fiksiki1.jpg', 6, 1, '1391173799', 1, 0),
(390, 'ux2DQ0CxCH4', 1, 'Калейдоскоп', 86, '6_fiksiki2.jpg', 6, 1, '1391174101', 1, 0),
(391, '4_0q1hwp4Qw', 1, 'Барабан', 86, '6_fiksiki3.jpg', 6, 1, '1391174292', 1, 0),
(392, 'eirHIUZvsdY', 1, 'Фотоаппарат', 86, '6_fiksiki4.jpg', 6, 1, '1391174423', 1, 0),
(393, 'FOkSPCb4neI', 1, 'Протез', 86, '6_fiksiki5.jpg', 6, 1, '1391174599', 1, 0),
(394, 'IHmwnr-m-M4', 1, 'Глобус', 86, '6_fiksiki6.jpg', 6, 1, '1391174757', 1, 0),
(395, 'M79-vcAsQ6c', 1, 'Штрих-код', 86, '6_fiksiki7.jpg', 6, 1, '1391174861', 1, 0),
(396, 'uhOZwk9skYg', 1, 'Говорящая кукла', 86, '6_fiksiki8.jpg', 6, 1, '1391174990', 1, 0),
(397, 'hukFfBB-7M4', 1, 'Алфавит для детей', 87, '6_detski_pesni1.jpg', 6, 1, '1391176310', 1, 0),
(398, 'wEbNoJtHZuI', 1, 'Про маленьких утят', 87, '6_detski_pesni2.jpg', 6, 1, '1391176434', 1, 0),
(399, 'Tnci7PittOw', 1, 'Про мостик', 87, '6_detski_pesni3.jpg', 6, 1, '1391176527', 1, 0),
(400, '_OeKhEWUMLM', 1, 'Про овечку', 87, '6_detski_pesni4.jpg', 6, 1, '1391176687', 1, 0),
(401, '6pAWCq3jutA', 1, 'Колыбельная для мальчиков', 87, '6_detski_pesni5.jpg', 6, 1, '1391176785', 1, 0),
(402, 'GwbFOJSC3_0', 1, 'Паровоз по рельсам', 87, '6_detski_pesni6.jpg', 6, 1, '1391176879', 1, 0),
(403, 'eCH8tQ2HQ8Q', 1, 'Спи, детка, спи', 87, '6_detski_pesni7.jpg', 6, 1, '1391177055', 1, 0),
(404, 'uMuJxd2Gpxo', 1, 'Continental Drift', 74, '8_Continental-Drift.jpg', 8, 1, '1391264057', 1, 0),
(405, 'zXEq-QO3xTg#t=178', 1, 'The Animals On The Farm', 55, '1_The-Animals-On-The-Farm.JPG', 1, 1, '1391359665', 1, 0),
(406, 'OKbpLQp509Y', 1, 'Sweet Dreams', 55, '1_Sweet-Dreams.JPG', 1, 1, '1391359830', 1, 0),
(407, '5oYKonYBujg', 1, 'Old McDonald Had A Farm', 55, '1_Old-McDonald-Had-A-Farm.JPG', 1, 1, '1391360153', 1, 0),
(408, 'GoSq-yZcJ-4&', 1, 'Walking In The Jungle', 55, '1_Walking-In-The-Jungle.JPG', 1, 1, '1391360351', 1, 0),
(409, 'jCKO7Pya6S8', 1, 'Сказка на ночь', 83, '6_Сказка-на-ночь.JPG', 6, 1, '1391360641', 1, 0),
(410, 'VKS2JRidfmk', 1, 'Первый раз в первый класс', 83, '6_Первый-раз-в-первый-класс.JPG', 6, 1, '1391361028', 1, 0),
(411, 'zcAQn7yInkQ', 1, 'Граница на замке', 83, '6_Граница-на-замке.JPG', 6, 1, '1391361378', 1, 0),
(412, 'Ywb8ls6DONY', 1, 'Кто не спрятался, я не виноват', 83, '6_Кто-не-спрятался-я-не-виноват.JPG', 6, 1, '1391361923', 1, 0),
(413, 'apFPJYqTQZU', 1, 'Лыжню', 83, '6_Лыжню.JPG', 6, 1, '1391362223', 1, 0),
(414, 'EbAPd1491X8', 1, 'Пусть бегут неуклюже', 88, '6_Пусть-бегут-неуклюже.JPG', 6, 1, '1391365109', 1, 0),
(415, '56K72czIjxQ', 1, 'Песенка друзей', 88, '6_Песенка-друзей.JPG', 6, 1, '1391365412', 1, 0),
(416, '2Rz0eeKAGe0', 1, 'Два весёлых гуся', 88, '6_Два-весёлых-гуся.JPG', 6, 1, '1391365653', 1, 0),
(417, 'NBLssEOTEr8', 1, 'Улыбка', 88, '6_Улыбка.JPG', 6, 1, '1391366091', 1, 0),
(419, 'c3h_6ap_z_U', 1, 'Тратата', 88, '6_Тратата.JPG', 6, 1, '1391366788', 1, 0),
(420, 'Y_UleQoT8MA', 1, 'Willis Flasche', 89, '7_Maja_die_biene2.jpg', 7, 1, '1391411874', 0, 0),
(421, 'L38BK4_ia08', 1, 'Die grosse, weite Wiesenwelt ', 89, '7_Maja_die_biene3.jpg', 7, 1, '1391412040', 0, 0),
(422, 'WjfVubIzceA', 1, 'Der Buschwindbote', 89, '7_Maja_die_biene4.jpg', 7, 1, '1391412251', 0, 0),
(423, '2fTU7cRZzzQ', 1, 'Erster Geburstag', 89, '7_Maja_die_biene5.jpg', 7, 1, '1391412493', 0, 0),
(424, 'LEZ-PqjXyJ4', 1, 'Die Lausebiene', 89, '7_Maja_die_biene6.jpg', 7, 1, '1391412711', 0, 0),
(425, 'mEggvDpjRCc', 1, 'Frau Rosi zieht um', 89, '7_Maja_die_biene7.jpg', 7, 1, '1391413135', 0, 0),
(426, '7hgO-JP9qBA', 1, 'Maja im Schilderwald', 89, '7_Maja_die_biene8.jpg', 7, 1, '1391413278', 0, 0),
(427, 'CWyaF5BNEWE', 1, 'Walter schleimt sich ein', 89, '7_Maja_die_biene9.jpg', 7, 1, '1391413428', 0, 0),
(428, 'Uo09uQR-u6U', 1, 'Plankton!', 61, '1_spongebob5.jpg', 1, 1, '1391439038', 0, 0),
(429, '8u5MEtyW5BE', 1, 'Pickles', 61, '1_spongebob6.jpg', 1, 1, '1391439166', 0, 0),
(430, 'giEAiiDQlzk', 1, 'Home Sweet Pineapple', 61, '1_spongebob7.jpg', 1, 1, '1391439282', 0, 0),
(431, '_26aMAFRuHo', 1, 'Pizza Delivery ', 61, '1_spongebob8.jpg', 1, 1, '1391439409', 0, 0),
(432, 'c5lGOCEdprQ', 1, 'MermaidMan and Barnacleboy', 61, '1_spongebob9.jpg', 1, 1, '1391439542', 0, 0),
(433, '94PderNk-Q8', 1, 'Squidward, the Unfreindly Ghost', 61, '1_spongebob10.jpg', 1, 1, '1391439640', 0, 0),
(434, 'sRL-B1CFcdA', 1, 'Employee of the Month', 61, '1_spongebob11.jpg', 1, 1, '1391439761', 0, 0),
(435, 'hOwXz12Mr8o', 1, 'MuscleBob BuffPants', 61, '1_spongebob12.jpg', 1, 1, '1391439870', 0, 0),
(436, 'nQaN59JcRPo', 1, 'Do You Want To Build A Snowman', 71, '1_Frozen-Snowman.jpg', 1, 1, '1391589090', 0, 0),
(437, '3Lrt5N0Cazk', 1, 'Frozen Heart', 71, '1_Frozen-Heart.JPG', 1, 1, '1391589292', 0, 0),
(438, 'BulXil2ROy4', 1, 'For the First Time in Forever', 71, '1_For-the-First-Time-in-Forever.JPG', 1, 1, '1391589471', 0, 0),
(439, 'vtEk4KMyz9c', 1, 'Love Is an Open Door', 71, '1_Love-Is-an-Open-Door.JPG', 1, 1, '1391589767', 0, 0),
(440, 'B9kDG0r_evs', 1, 'For the First Time In Forever (Reprise)', 71, '1_For-the-First-Time-Reprise.JPG', 1, 1, '1391590154', 0, 0),
(441, '06ocF-opjiA', 1, 'Fixer Upper', 71, '1_Fixer-Upper.JPG', 1, 1, '1391590458', 0, 0),
(442, 'qMxX-QOV9tI', 1, 'Price Tag', 74, '8_Price-Tag.JPG', 8, 1, '1391597338', 1, 0),
(443, 'QGJuMBdaqIw', 1, 'Firework', 74, '8_Firework.JPG', 8, 1, '1391597816', 1, 0),
(444, '5e35ce1fb0', 2, 'Слоновете никога не забравят', 90, '9_pingvinite1.jpg', 9, 1, '1391768460', 1, 0),
(445, '3bfb449d', 2, 'Паника с пуканки', 90, '9_pingvinite2.jpg', 9, 1, '1391768861', 1, 0),
(446, '44a58fb9', 2, 'Заплетени в мрежата', 90, '9_pingvinite3.jpg', 9, 1, '1391769034', 1, 0),
(447, 'db3753e0', 2, 'Изстрелването', 90, '9_pingvinite4.jpg', 9, 1, '1391769210', 1, 0),
(448, '65c25043', 2, 'Родителски яйце-инстинкт', 90, '9_pingvinite5.jpg', 9, 1, '1391769430', 1, 0),
(449, 'ad925737', 2, 'Операция: Плюшено прикритие', 90, '9_pingvinite6.jpg', 9, 1, '1391769642', 1, 0),
(450, 'bb0907ee06', 2, 'Всичко за пингвините', 90, '9_pingvinite7.jpg', 9, 1, '1391769803', 1, 0),
(451, '4919a28251', 2, 'Част 1', 91, '9_rapuncel1.jpg', 9, 1, '1391772296', 1, 0),
(452, '372c53f725', 2, 'Част 2', 91, '9_rapuncel2.jpg', 9, 1, '1391772332', 1, 0),
(453, 'b4d6c0e92b', 2, 'Част 3', 91, '9_rapuncel3.jpg', 9, 1, '1391772362', 1, 0),
(454, '6dc27f3bec', 2, 'В небето 1', 93, '9_Up_1.jpg', 9, 1, '1391777302', 1, 0),
(455, 'c67f961827', 2, 'В небето 2', 93, '9_Up_2.jpg', 9, 1, '1391777333', 1, 0),
(456, '7db7dc4230', 2, 'В небето 3', 93, '9_Up_3.jpg', 9, 1, '1391777365', 1, 0),
(457, 'a9fe656628', 2, 'гръм 1', 94, '9_grym1.jpg', 9, 1, '1391778637', 1, 0),
(458, '8644cfea31', 2, 'гръм 2', 94, '9_grym2.jpg', 9, 1, '1391778663', 1, 0),
(459, 'c2d1ae4847', 2, 'гръм 3', 94, '9_grym3.jpg', 9, 1, '1391778765', 1, 0),
(460, 'b5d9dcca49', 2, 'гръм 4', 94, '9_grym4.jpg', 9, 1, '1391778792', 1, 0),
(461, 'bc2b7a1696', 2, 'Немо 1', 92, '9_Nemo1.jpg', 9, 1, '1391779706', 1, 0),
(462, '177b779223', 2, 'Немо 2', 92, '9_Nemo2.jpg', 9, 1, '1391779742', 1, 0),
(463, 'b73a38f69c', 2, 'Рататуй 1', 95, '9_ratatui1.jpg', 9, 1, '1391781389', 1, 0),
(464, '4a5daaab7f', 2, 'Рататуй 2', 95, '9_ratatui2.jpg', 9, 1, '1391781528', 1, 0),
(465, 'd874451f', 2, 'Спирит1', 96, '9_spirit1.jpg', 9, 1, '1391783756', 1, 0),
(466, '865287d9', 2, 'Спирит2', 96, '9_spirit2.jpg', 9, 1, '1391783784', 1, 0),
(467, '25bdcd65', 2, 'Спирит3', 96, '9_spirit3.jpg', 9, 1, '1391783816', 1, 0),
(468, '61da267d', 2, 'Спирит4', 96, '9_spirit4.jpg', 9, 1, '1391783844', 1, 0),
(469, '563bcd376b', 2, 'Таласъми ООД 1', 97, '9_talasymi1.jpg', 9, 1, '1391784863', 1, 0),
(470, '931d985df5', 2, 'Таласъми ООД 2', 97, '9_talasymi2.jpg', 9, 1, '1391784890', 1, 0),
(471, 'c3bd6d3cf0', 2, 'Таласъми ООД 3', 97, '9_talasymi3.jpg', 9, 1, '1391784920', 1, 0),
(472, '6e753f7039', 2, 'Рио част 1', 98, '9_rio1.jpg', 9, 1, '1392205040', 1, 0),
(473, '9eebe99dea', 2, 'Рио част 2', 98, '9_rio2.jpg', 9, 1, '1392205082', 1, 0),
(474, '1afcf7d3c6', 2, 'Рио част 3', 98, '9_rio3.jpg', 9, 1, '1392205112', 1, 0),
(475, '61a2258cc9', 2, 'Рио част 4', 98, '9_rio4.jpg', 9, 1, '1392205142', 1, 0),
(476, 'ffac5cd6', 2, 'Как да си дресираш дракон 1', 99, '9_drakon1.jpg', 9, 1, '1392205324', 1, 0),
(477, '8cc671ee', 2, 'Как да си дресираш дракон 2', 99, '9_drakon2.jpg', 9, 1, '1392205357', 1, 0),
(478, '44d5f6d3', 2, 'Как да си дресираш дракон 3', 99, '9_drakon3.jpg', 9, 1, '1392205394', 1, 0),
(479, '815cee0e', 2, 'Как да си дресираш дракон 4', 99, '9_drakon4.jpg', 9, 1, '1392205421', 1, 0),
(480, '469d6b7b', 2, 'Как да си дресираш дракон 5', 99, '9_drakon5.jpg', 9, 1, '1392205446', 1, 0),
(481, 'c008afb746', 2, 'Аз, проклетникът 1', 100, '9_az_prokletnikyt_1_1.jpg', 9, 1, '1392209355', 1, 0),
(482, '758a0cd25e', 2, 'Аз, проклетникът 2', 100, '9_az_prokletnikyt_1_2.jpg', 9, 1, '1392209389', 1, 0),
(483, '85be635603', 2, 'Аз, проклетникът 2 част 1', 101, '9_az_prokletnikyt_2_1.jpg', 9, 1, '1392209433', 1, 0),
(484, '3813fa01ba', 2, 'Аз, проклетникът 2 част 2', 101, '9_az_prokletnikyt_2_2.jpg', 9, 1, '1392209460', 1, 0),
(485, '59ebd06444', 2, 'Феноменалните част 1', 102, '9_fanomenalnite1.jpg', 9, 1, '1392211924', 1, 0),
(486, '2da57564fa', 2, 'Феноменалните част 2', 102, '9_fanomenalnite2.jpg', 9, 1, '1392211954', 1, 0),
(487, 'a53aecb6ce', 2, 'Феноменалните част 3', 102, '9_fanomenalnite3.jpg', 9, 1, '1392211976', 1, 0),
(488, '0ace750de7', 2, 'Колите част 1', 103, '9_cars1.jpg', 9, 1, '1392274389', 1, 0),
(489, '7107a469bb', 2, 'Колите част 2', 103, '9_cars2.jpg', 9, 1, '1392274418', 1, 0),
(490, '7b920e2688', 2, 'Колите част 3', 103, '9_cars3.jpg', 9, 1, '1392274458', 1, 0),
(491, 'Ji1DBV8zJkA', 1, 'Чунга-чанга', 88, '6_Чунга-чанга.JPG', 6, 1, '1392298542', 1, 0),
(492, 'PLexkWd5_R4', 1, 'До чего вы мне игрушки надоели', 88, '6_До-чего-вы-мне-игрушки-надоели.JPG', 6, 1, '1392299076', 1, 0),
(493, 'uEwbZ-SP1cM', 1, 'Песня первоклассника', 88, '6_Песня-первоклассника.JPG', 6, 1, '1392299476', 1, 0),
(494, 'V-TithD7izM', 1, 'Голубой вагон', 88, '6_Голубой-вагон.JPG', 6, 1, '1392300040', 0, 0),
(495, '9b3uxFE_m3M', 1, 'Веселая песенка', 88, '6_Веселая-песенка.JPG', 6, 1, '1392300810', 1, 0),
(496, 'x2VGBNjxDgk', 1, 'Ничего на свете лучше нету', 88, '6_Ничего-на-свете-лучше-нету.JPG', 6, 1, '1392301107', 1, 0),
(497, '9JhE-4LZsXk', 1, 'Ёлочка', 88, '6_Ёлочка.JPG', 6, 1, '1392301541', 1, 0),
(498, 'F4wZx86Hhqs', 1, 'Красная шапочка', 88, '6_Красная-шапочка.JPG', 6, 1, '1392301972', 1, 0),
(499, 'Elo3skBitZw', 1, 'Из чего', 88, '6_Из-чего.JPG', 6, 1, '1392302383', 1, 0),
(500, 'CKDtVN7KvIg', 1, 'Антошка', 88, '6_Антошка.JPG', 6, 1, '1392303480', 1, 0),
(501, 'cVFhMkOp8n4', 1, 'Зайченцето бяло', 104, '9_Зайченцето-бяло.JPG', 9, 1, '1392385837', 1, 0),
(502, '6gUwuEgiAFQ', 1, 'Мила моя мамо', 104, '9_Мила-моя-мамо.JPG', 9, 1, '1392385877', 1, 0),
(503, 'PSnlafQsuqA', 1, 'Червената шапчица', 104, '9_Червената-шапчица.JPG', 9, 1, '1392385930', 1, 0),
(504, 'eaM29L2OMss', 1, 'Чело коте книжки', 104, '9_Чело-коте-книжки.JPG', 9, 1, '1392385973', 1, 0),
(505, 'vA-1UWFnlI8', 1, 'Мама ми купи днес нова книжка', 104, '9_Мама-ми-купи-днес-нова-книжка.JPG', 9, 1, '1392386021', 1, 0),
(506, 'dwlHDB5NC2c', 1, 'У дома часовник трака', 104, '9_У-дома-часовник-трака.JPG', 9, 1, '1392386063', 1, 0),
(507, 'hYSn-H40d80', 1, 'Нови патналонки', 104, '9_Нови-панталонки.JPG', 9, 1, '1392386106', 1, 0),
(508, 'ggXjinuQdqM', 1, 'Мики Маус', 104, '9_Мики-Маус.JPG', 9, 1, '1392386149', 1, 0),
(509, 'qA9OkTEs8So', 1, 'Патето Яки', 104, '9_Патето-Яки.JPG', 9, 1, '1392386193', 1, 0),
(510, '9ZKFKzvAiXs', 1, 'Пеят, скачат палците', 104, '9_Пеят-скачат-палците.JPG', 9, 1, '1392386234', 1, 0),
(511, 'uPNVM5BUiYY', 1, 'Вълкът и седемте козлета', 104, '9_Вълкът-и-седемте-козлета.JPG', 9, 1, '1392386293', 0, 0),
(512, '2RDtks5xwFc', 1, 'Жълтоклюно патенце', 104, '9_Жълтоклюно-патенце.JPG', 9, 1, '1392386328', 1, 0),
(513, 'de21e51587', 2, 'Ледена епоха част 1', 105, '9_AG1_1.jpg', 9, 1, '1394003418', 1, 0),
(514, '8791df7402', 2, 'Ледена епоха част 2', 105, '9_AG1_2.jpg', 9, 1, '1394003453', 1, 0),
(515, '486820d4ae', 2, 'Ледена епоха част 3', 105, '9_AG1_3.jpg', 9, 1, '1394003493', 1, 0),
(516, '608fdd8dd9', 2, 'Ледена епоха 2 част 1', 106, '9_AG2_1.jpg', 9, 1, '1394005967', 1, 0),
(517, '48205011fd', 2, 'Ледена епоха 2 част 2', 106, '9_AG2_2.jpg', 9, 1, '1394005993', 1, 0),
(518, '2ae250442c', 2, 'Ледена епоха 2 част 3', 106, '9_AG2_3.jpg', 9, 1, '1394006025', 1, 0),
(519, '49ddcd3134', 2, 'Ледена епоха 3 част 1', 107, '9_AG3_1.jpg', 9, 1, '1394007293', 1, 0),
(520, 'd63dfc5bda', 2, 'Ледена епоха 3 част 2', 107, '9_AG3_2.jpg', 9, 1, '1394007318', 1, 0),
(521, 'f7fe3ec0d9', 2, 'Ледена епоха 3 част 3', 107, '9_AG3_3.jpg', 9, 1, '1394007343', 1, 0),
(522, '79d85d39f3', 2, 'Ледена епоха 4 част 1', 108, '9_AG4_1.jpg', 9, 1, '1394009590', 1, 0),
(523, '0ba06af106', 2, 'Ледена епоха 4 част 2', 108, '9_AG4_2.jpg', 9, 1, '1394009623', 1, 0),
(524, '5f4f00e112', 2, 'Ледена епоха 4 част 3', 108, '9_AG4_3.jpg', 9, 1, '1394009674', 1, 0),
(525, 'y7ENU7h9-2w', 1, 'Tarzan and Jane', 73, '1_Tarzan-and-Jane-korica.JPG', 1, 1, '1398761032', 0, 0),
(526, 'BIWauXrhqto', 1, 'Tarzan II', 73, '1_Tarzan-2.JPG', 1, 1, '1398761486', 0, 0),
(527, 'nGwtmwEVv6U', 1, 'Sinbad Legend Of The Seven Seas', 73, '1_Sinbad.JPG', 1, 1, '1398763926', 0, 0),
(528, '0hDPIjuw_uw', 1, 'The Puppy & the Ring', 72, '1_The-Puppy-and-the-Ring.JPG', 1, 1, '1398768664', 0, 0),
(533, 'jOKNIWFbL2s', 1, 'Bee Movie', 73, '1_Bee-Movie.JPG', 1, 1, '1414069880', 0, 0),
(534, 'HjT2gc-E6Fk', 1, 'The Tooth Fairy', 57, '1_The-Tooth-Fairy.JPG', 1, 1, '1414071879', 1, 0),
(535, 'fjTx8MkGuYc', 1, 'Nature Class', 57, '1_Nature-Class.JPG', 1, 1, '1414072168', 1, 0),
(536, '3k92UfPc1dA', 1, 'The Elf Submarine', 57, '1_The-Elf-Submarine.JPG', 1, 1, '1414072620', 1, 0),
(537, 'AJY0ccDgJ_g', 1, 'The Toy Robot', 57, '1_The-Toy-Robot.JPG', 1, 1, '1414132164', 1, 0),
(538, 'bnX2Eac9hqs', 1, 'Visiting the Marigolds', 57, '1_Visiting-the-Marigolds.JPG', 1, 1, '1414132586', 1, 0),
(539, 'DZW2VuqNP4c', 1, 'Hard Times', 57, '1_Hard-Times.JPG', 1, 1, '1414135252', 1, 0),
(540, 'TIkGHujl30I', 1, 'Queen Thistle''s Teapot', 57, '1_Queen-Thistle''s-Teapot.JPG', 1, 1, '1414135628', 1, 0),
(541, 'AB2ZfHWuO8o', 1, 'Gaston the Ladybird', 57, '1_Gaston-the-Ladybird.JPG', 1, 1, '1414135972', 1, 0),
(542, 'jRYl7vvwX_Y', 1, 'The Woodpecker', 57, '1_The-WoodPecker.JPG', 1, 1, '1414136956', 1, 0);
INSERT INTO `links` (`link_id`, `url`, `source_id`, `title`, `catalog_id`, `image_name`, `language_id`, `agegroup_id`, `date_added`, `is_public`, `user_id`) VALUES
(543, '29ytwJidS9U', 1, 'The Elf Rocket', 57, '1_The-Elf-Rocket.JPG', 1, 1, '1414146354', 1, 0),
(544, 'Ho6x_b85Of8', 1, 'The Party', 57, '1_The-Party.JPG', 1, 1, '1414146971', 1, 0),
(545, 'v06sXEVGprI', 1, 'Morning, Noon and Night', 57, '1_Morning-Noon-and-Night.JPG', 1, 1, '1414147305', 1, 0),
(546, '6EgZJOiP3sE', 1, 'Queen Holly', 57, '1_Queen-Holly.JPG', 1, 1, '1414147794', 1, 0),
(547, 'eO9WSw1l3SI', 1, 'Snow in Castle', 57, '1_Snow-.JPG', 1, 1, '1414151804', 1, 0),
(548, '2uPUnPMGliQ', 1, 'Elf Joke Day', 57, '1_Elf-Joke-Day.JPG', 1, 1, '1414152481', 0, 0),
(549, 'V6WUKvhDhwA', 1, 'The Frog Prince', 57, '1_The-frog-prince.JPG', 1, 1, '1414152844', 0, 0),
(550, 'EQt4jNL1d1I', 1, 'The Elf Farm', 57, '1_The-Elf-Farm.JPG', 1, 1, '1414153164', 1, 0),
(551, 'AS2nQYWlpaA', 1, 'The Amusement Parking Lot', 72, '1_The-Amusement-Parking-Lot.JPG', 1, 1, '1414153941', 0, 0),
(552, '8JdlA1UCJcs', 1, 'The Bubble Bee-athalon', 72, '1_The-Bubble-Bee-athalon.JPG', 1, 1, '1414154248', 0, 0),
(553, '2ytaYLaETM8', 1, 'Bubble Scrubbies', 72, '1_Bubble-Scrubbies.JPG', 1, 1, '1414154679', 0, 0),
(554, 'hkSRXqVZQQ0', 1, 'Swimtastic Check-Up', 72, '1_Swimtastic-Check-Up.JPG', 1, 1, '1414155189', 0, 0),
(555, 'PF9DY-rBdv0', 1, 'Puppy Love', 72, '1_Puppy-Love.JPG', 1, 1, '1414155672', 0, 0),
(556, '5axd7CkjM6w', 1, 'Come to Your Senses', 72, '1_Come-to-Your-Senses.JPG', 1, 1, '1414155950', 0, 0),
(557, '-x5w2N-NCzg', 1, 'The Unidentified Flying Orchestra', 72, '1_The-Unidentified-Flying-Orchestra.JPG', 1, 1, '1414156556', 0, 0),
(558, 'bzPDb2UCJso', 1, 'Good Morning, Mr. Grumpfish', 72, '1_Good-Morning-Mr.-Grumpfish.JPG', 1, 1, '1414156873', 0, 0),
(559, 'cuPeiXxecuk', 1, 'The Oyster Bunny', 72, '1_The-Oyster-Bunny.JPG', 1, 1, '1414157560', 0, 0),
(560, 'y_YJaQAZ7Wo', 1, 'A Tooth on the Looth', 72, '1_A-Tooth-on-the-Looth.JPG', 1, 1, '1414403853', 0, 0),
(561, 'external.php?vid=19d8212336', 2, 'Камбанка_и_изгубеното_съкровище_1', 112, '9_Камбанка_и_изгубеното_съкровище_1.jpg', 9, 1, '1414480967', 1, 0),
(562, 'Va6mUzutuRU" frameborder=', 1, 'Зеленчуци_който_не_яде', 104, '9_Зеленчуци_който_не_яде.jpg', 9, 1, '1414487936', 1, 0),
(563, 'Va6mUzutuRU', 1, 'Зеленчуци който не яде', 104, '9_Зеленчуци_който_не_яде-.jpg', 9, 1, '1414488199', 1, 0),
(564, '961cbb8c', 2, 'Коледният Подарък На Франклин', 113, '9_Коледният-Подарък-На–Франклин.jpg', 9, 1, '1414493824', 1, 0),
(565, 'b24bd47e', 2, 'Велосипедната Каска На Франклин', 113, '9_Велосипедната-Каска-На-Франклин.jpg', 9, 1, '1414494311', 1, 0),
(566, 'e84cf579', 2, 'Франклин И Училищната Пиеса', 113, '9_Франклин-И-Училищната-Пиеса.jpg', 9, 1, '1414495855', 1, 0),
(567, '74bc41be', 2, 'Бабата На Франклин', 113, '9_Бабата-На-Франклин.jpg', 9, 1, '1414496221', 1, 0),
(568, '5fafcd96c0', 2, 'Разбивачът Ралф 1 част', 114, '9_Разбивачът-ралф-1.jpg', 9, 1, '1414501692', 1, 0),
(569, 'af98fe600b', 2, 'Разбивачът Ралф 2 част', 114, '9_Разбивачът-ралф-2.jpg', 9, 1, '1414502061', 1, 0),
(570, 'ff4bb07ef4', 2, 'Разбивачът Ралф 3 част', 114, '9_Разбивачът-ралф-3.jpg', 9, 1, '1414502182', 1, 0),
(571, 'XL5tYSQiSpE', 1, 'Героями не рождаются', 83, '6_Героями-не-рождаются.jpg', 6, 1, '1414507172', 1, 0),
(572, 'B7UmUX68KtE', 1, 'The Muppets Popcorn', 115, '8_The_Muppets_Popcorn.jpg', 8, 1, '1415112005', 1, 0),
(573, 'CHIx6ViBplo', 1, 'Muppets-Joy To The World', 115, '8_Muppets-Joy-To-The World.jpg', 8, 1, '1415112410', 1, 0),
(574, 'VnT7pT6zCcA', 1, 'The Muppets: Ode To Joy', 115, '8_The-Muppets-Ode-To-Joy.jpg', 8, 1, '1415112815', 1, 0),
(575, 'PwZnCkoX5gI', 1, 'Katy Perry and Elmo', 115, '8_Katy-Perry-and-Elmo.jpg', 8, 1, '1415192521', 1, 0),
(576, 'pWp6kkz-pnQ', 1, 'Bruno Mars: Don''t Give Up', 115, '8_Bruno-Mars-Dont-Give-Up.jpg', 8, 1, '1415605667', 1, 0),
(577, 'DoWgWCDv5gU', 1, 'Usher''s Disordered ABC Song', 115, '8_Ushers-Disordered-ABC-Song.jpg', 8, 1, '1415606472', 1, 0),
(578, 'EAtBki0PsC0', 1, 'Beaker''s Ballad', 115, '8_Beaker''s-Ballad.jpg', 8, 1, '1415607534', 1, 0),
(579, 'ysIzPF3BfpQ', 1, 'Ringing of the Bells', 115, '8_Ringing-of-the-Bells.jpg', 8, 1, '1415607816', 1, 0),
(580, 'jXKUb5A1auM', 1, 'Habanera', 115, '8_Habanera.jpg', 8, 1, '1415608045', 1, 0),
(581, 'eXeIxtI--uc', 1, 'Stars & Stripes FOREVER!', 115, '8_Stars&Stripes-FOREVER!.jpg', 8, 1, '1415608421', 1, 0),
(582, 'W6_d22aMqZs', 1, 'Do De Duckie With Ernie', 115, '8_Do-De-Duckie-With-Ernie.jpg', 8, 1, '1415609871', 1, 0),
(583, 'fZ9WiuJPnNA', 1, 'Feist sings 1,2,3,4', 115, '8_Feist-sings-1,2,3,4.jpg', 8, 1, '1415610864', 1, 0),
(584, 'jd8nfEdo59I', 1, 'Classical Chicken', 115, '8_Classical-Chicken.jpg', 8, 1, '1415611192', 1, 0),
(585, 'oiMZa8flyYY', 1, 'Muppet Show Theme Song', 115, '8_Muppet-Show-Theme-Song.jpg', 8, 1, '1415611893', 1, 0),
(586, 'tgbNymZ7vqY', 1, 'Bohemian Rhapsody', 115, '8_Bohemian-Rhapsody.jpg', 8, 1, '1415612405', 1, 0),
(587, 'frameborder=', 2, 'Dora-ep1', 116, '9_Dora-ep1.jpg', 9, 1, '1415617954', 1, 0),
(588, 'frameborder=', 2, 'Dora ep 2', 116, '9_Dora-ep2.jpg', 9, 1, '1415618391', 1, 0),
(589, '5ac65c7c32', 2, 'Dora ep 3', 116, '9_Dora-ep3.jpg', 9, 1, '1415618911', 1, 0),
(590, '198f2811e1', 2, 'Dora ep 4', 116, '9_Dora-ep4.jpg', 9, 1, '1415619196', 1, 0),
(591, '97ca4b2485', 2, 'Dora ep 5', 116, '9_Dora-ep5.jpg', 9, 1, '1415620786', 1, 0),
(592, '0a7988ac7f', 2, 'Dora ep 6', 116, '9_Dora-ep6.jpg', 9, 1, '1415621119', 1, 0),
(593, 'ab8040ed20', 2, 'Dora ep 7', 116, '9_Dora-ep7.jpg', 9, 1, '1415621465', 1, 0),
(594, 'f4a5069af9', 2, 'Dora ep 9', 116, '9_Dora-ep9.jpg', 9, 1, '1415621949', 1, 0),
(595, 'c9e0e38a66', 2, 'Dora ep 11', 116, '9_Dora-ep11.jpg', 9, 1, '1415628306', 1, 0),
(596, 'b25507a842', 2, 'Dora ep 12', 116, '9_Dora-ep12.jpg', 9, 1, '1415628697', 1, 0),
(597, '3347a0ea1d', 2, 'Dora ep 13', 116, '9_Dora-ep13.jpg', 9, 1, '1415629542', 1, 0),
(598, '2dc9ae1e91', 2, 'Dora ep 14', 116, '9_Dora-ep14.jpg', 9, 1, '1415630056', 1, 0),
(599, '24f489e99b', 2, 'Dora ep 15', 116, '9_Dora-ep15.jpg', 9, 1, '1415630320', 1, 0),
(600, '825d035d19', 2, 'Dora ep 16', 116, '9_Dora-ep16.jpg', 9, 1, '1415630698', 1, 0),
(601, '1f6325cdd5', 2, 'Dora ep 17', 116, '9_Dora-ep17.jpg', 9, 1, '1415631148', 1, 0),
(602, '40849810', 3, 'Дежурный по Школе', 117, '6_Дежурный-по-Школе.jpg', 6, 1, '1415700563', 0, 0),
(603, '40927084', 3, 'Без Штанов', 117, '6_Без-Штанов.jpg', 6, 1, '1415701138', 0, 0),
(604, '40927086', 3, 'День Наоборот', 117, '6_День-Наоборот.jpg', 6, 1, '1415701693', 0, 0),
(605, '40807432', 3, 'Вечеринка Медуз', 117, '6_Вечеринка-Медуз.jpg', 6, 1, '1415702267', 0, 0),
(606, '40927087', 3, 'Дом Милый Ананас', 117, '6_Дом-Милый-Ананас.jpg', 6, 1, '1415702666', 0, 0),
(607, '40927088', 3, 'Доставка Пиццы', 117, '6_Доставка-Пиццы.jpg', 6, 1, '1415703485', 0, 0),
(608, '40927089', 3, 'Капризные Соседи', 117, '6_Капризные-Соседи.jpg', 6, 1, '1415703766', 0, 0),
(609, '41278734', 3, 'Культурный шок', 117, '6_Культурный-шок.jpg', 6, 1, '1415704156', 0, 0),
(610, '41278735', 3, 'Ловля Медуз', 117, '6_Ловля-Медуз.jpg', 6, 1, '1415704496', 0, 0),
(611, '41278737', 3, 'Морской Супермэн и Очкарик', 117, '6_Морской-Супермэн-и-Очкарик.jpg', 6, 1, '1415704814', 0, 0),
(612, '41278738', 3, 'Мыльные Пузыри', 117, '6_Мыльные-Пузыри.jpg', 6, 1, '1415705337', 0, 0),
(613, '41278749', 3, 'Пикули', 117, '6_Пикули.jpg', 6, 1, '1415705542', 0, 0),
(614, '41700044', 3, 'Планктон', 117, '6_Планктон.jpg', 6, 1, '1415705811', 0, 0),
(615, '41700485', 3, 'Подводный пылесос', 117, '6_Подводный-пылесос.jpg', 6, 1, '1415706105', 0, 0),
(616, '41700486', 3, 'Порванные штаны', 117, '6_Порванные-штаны.jpg', 6, 1, '1415706417', 0, 0),
(617, '4a6a7d0cd6', 2, 'Чудната петорка 1 част', 118, '9_Rise-of-the-Guardians-1.jpg', 9, 1, '1415711197', 1, 0),
(618, '72cf51cfda', 2, 'Чудната петорка 2 част', 118, '9_Rise-of-the-Guardians-2.jpg', 9, 1, '1415711326', 1, 0),
(619, '465d7f8c7f', 2, 'Чудната петорка 3 част', 118, '9_Rise-of-the-Guardians-3.jpg', 9, 1, '1415711473', 1, 0),
(620, 'f57c735a0b', 2, 'Замръзналото кралство 1 част', 119, '9_Frozen-1.jpg', 9, 1, '1415781730', 1, 0),
(621, 'a426293b56', 2, 'Замръзналото кралство 2 част', 119, '9_Frozen-2.jpg', 9, 1, '1415781969', 1, 0),
(622, 'f5608eaadc', 2, 'Замръзналото кралство 3 част', 119, '9_Frozen-3.jpg', 9, 1, '1415782079', 1, 0),
(623, '0c235d030e', 2, 'Trench billies', 61, '1_Trench-billies.jpg', 1, 1, '1415792332', 1, 0),
(624, 'eb647287', 2, 'Подарък от дъвка', 120, '9_Подарък-от-дъвка.jpg', 9, 1, '1415792976', 1, 0),
(625, '8ce2901a', 2, 'The lost mattress', 61, '1_The-lost-mattress.jpg', 1, 1, '1415793637', 1, 0),
(626, '089c1616', 2, 'The great snail race', 61, '1_The-great-snail-race.jpg', 1, 1, '1415793976', 1, 0),
(627, '2994edbc', 2, 'Crabs vs Plankton', 61, '1_Crabs-vs-Plankton.jpg', 1, 1, '1415794350', 1, 0),
(628, '949ba661', 2, 'Хрупкавите разбивачи', 120, '9_Хрупкавите-разбивачи.jpg', 9, 1, '1415799225', 1, 0),
(629, 'c5499afa', 2, 'Нови идеи', 120, '9_Нови-идеи.jpg', 9, 1, '1415799701', 1, 0),
(630, '5c88d485', 2, '20000 хиляди бургера', 120, '9_20000-хиляди-бургера.jpg', 9, 1, '1415800246', 1, 0),
(631, 'e2db5a9a', 2, 'Стенли срещу Квадратни Гащи', 120, '9_Стенли-срещу-Квадратни-Гащи.jpg', 9, 2, '1446393593', 1, 9),
(632, '64036283', 3, 'Madly Madagascar', 121, '4_Madly_Madagascar.jpg', 4, 1, '1415804488', 0, 0),
(633, 'p4RDBsxx1VE', 1, 'Lorax', 122, '1_Lorax.jpg', 1, 1, '1418034061', 0, 0),
(634, 'B7UmUX68KtE', 1, 'Muppet show-Popcorn', 115, '8_The_Muppets_Popcorn.jpg', 8, 1, '1441278664', 1, 0),
(635, 'GoSq-yZcJ-4', 1, 'SSS-Walking In The Jungle', 55, '1_SSS_Walking_In_The_Jungle.jpg', 1, 1, '1441279091', 1, 0),
(636, 'f89ccf6159', 2, 'Shakira - Todos Juntos', 74, '8_Shakira_Todos_Juntos.jpg', 8, 1, '1441280237', 1, 0),
(637, '90249836', 3, 'KUNG FU FGHTING', 74, '8_KUNG_FU_FGHTING.jpg', 8, 1, '1441280417', 1, 0),
(638, 'Asb8N0nz9OI', 1, 'SSS-I See Something Pink', 55, '1_SSS_I See_Something_Pink.jpg', 1, 1, '1441280575', 1, 0),
(639, '135277634', 3, 'SSS-BINGO', 55, '1_SSS_BINGO.jpg', 1, 1, '1441281013', 1, 0),
(640, '85335175', 3, 'SSS-Hickory Dickory Dock', 55, '1_SSS_Hickory_Dickory_Dock.jpg', 1, 1, '1441281487', 1, 0),
(641, '132169066', 3, 'SSS-One Little Finger', 55, '1_SSS_One_Little_Finger.jpg', 1, 1, '1441281608', 1, 0),
(642, '85334721', 3, 'SSS-Good Morning, Mr. Rooster', 55, '1_SSS_Good_Mornin.jpg', 1, 1, '1441281779', 1, 0),
(643, '85350968', 3, 'SSS-Ten In The Bed', 55, '1_SSS_Ten_In_The_Bed.jpg', 1, 1, '1441282102', 1, 0),
(644, '35317260', 3, 'The Muppet''s Bohemian Rhapsody', 115, '8_The_Muppets_Bohemian_Rhapsody.jpg', 8, 2, '1446388021', 1, 9),
(645, '33306938', 3, 'The Muppets: Popcorn', 115, '8_The_Muppets_Popcorn.jpg', 8, 2, '1446387669', 1, 9),
(646, '0c968359', 2, 'Muppets-Ode To Joy', 115, '8_The_Muppets_Ode_to_Joy.jpg', 8, 2, '1446387612', 1, 9),
(647, '7dc673d9', 2, 'The Muppets-Habanera', 115, '8_The_Muppets_Habanera.jpg', 8, 2, '1446387588', 1, 9),
(648, '11ff2fef03', 2, 'The Muppets-Ringing of the Bells', 115, '8_The_Muppets_Ringing_of_the_Bells.jpg', 8, 2, '1446387286', 1, 9),
(649, '12542888', 3, 'One man band', 39, '8_One_Man_Band.jpg', 8, 1, '1441284813', 1, 0),
(650, '85427286', 3, 'Knick Knack', 39, '8_Knick_Knack.jpg', 8, 1, '1441284916', 1, 0),
(651, '18554826', 3, 'Jack-Jack Attack', 39, '8_Jack_Jack_Attack.jpg', 8, 1, '1441284966', 1, 0),
(652, '612a9d91', 2, 'Partly Cloudy-Pixar', 39, '8_Partly_Cloudy.jpg', 8, 1, '1441285280', 1, 0),
(653, 'e410ef5777', 2, 'La Luna-Pixar', 39, '8_La_Luna.jpg', 8, 1, '1441285409', 1, 0),
(654, '44339599', 3, 'Lifted-pixar', 39, '8_Lifted.jpg', 8, 1, '1441285553', 1, 0),
(655, '87746745', 3, 'Pixar Day & Night', 39, '8_Day_Night.jpg', 8, 1, '1441285891', 1, 0),
(656, '57251955', 3, 'Pixar Presto', 39, '8_Presto.jpg', 8, 1, '1441285951', 1, 0),
(657, '61971077', 3, 'Pixar For the birds', 39, '8_For_the_birds.jpg', 8, 1, '1441286136', 1, 0),
(658, '112869735', 3, 'Pixar Geri''s Game', 39, '8_Geri_Game.jpg', 8, 1, '1441286479', 1, 0),
(659, '4749536', 3, 'Alma-short', 39, '8_Alma.jpg', 8, 1, '1441286888', 1, 0),
(660, '71853142', 3, 'Dia De Los Muertos-short', 39, '8_Dia_De_Los_Muertos.jpg', 8, 1, '1441286988', 1, 0),
(661, '49224248', 3, 'Monsterbox-short', 39, '8_Monsterbox.jpg', 8, 1, '1441287190', 1, 0),
(662, '27256955', 3, 'Ormie-short', 39, '8_Ormie.jpg', 8, 1, '1441287434', 1, 0),
(663, '8527864', 3, 'Pigeon Impossible-short', 39, '8_Pigeon_Impossible.jpg', 8, 1, '1441287543', 1, 0),
(664, '71999238', 3, 'El Vendedor De Humo-short', 39, '8_El_Vendedor_De_Humo.jpg', 8, 1, '1441287653', 1, 0),
(668, 'ertrewtert', 1, 'rtert', 0, 'Brushes_11x74.png', 2, 1, '1446381465', 0, 9);

-- --------------------------------------------------------

--
-- Table structure for table `pages`
--

CREATE TABLE IF NOT EXISTS `pages` (
  `id` int(11) unsigned NOT NULL AUTO_INCREMENT,
  `parent_id` int(11) unsigned NOT NULL DEFAULT '1',
  `title` varchar(255) NOT NULL,
  `url` varchar(255) NOT NULL,
  `template` varchar(255) NOT NULL,
  `meta_t` varchar(255) NOT NULL,
  `meta_d` text NOT NULL,
  `meta_k` varchar(255) NOT NULL,
  PRIMARY KEY (`id`),
  UNIQUE KEY `url` (`url`),
  KEY `parent_id` (`parent_id`)
) ENGINE=InnoDB  DEFAULT CHARSET=utf8 AUTO_INCREMENT=7 ;

--
-- Dumping data for table `pages`
--

INSERT INTO `pages` (`id`, `parent_id`, `title`, `url`, `template`, `meta_t`, `meta_d`, `meta_k`) VALUES
(1, 0, 'Homepage', '/', 'main', '', '', ''),
(2, 0, 'Account', '/account', 'account', '', '', ''),
(3, 1, 'About', '/about', 'inner', '', '', ''),
(4, 1, 'Feedback', '/feedback', 'feedback', '', '', ''),
(5, 2, 'Login', '/login', 'login', '', '', ''),
(6, 2, 'Registration', '/registration', 'registration', '', '', '');

-- --------------------------------------------------------

--
-- Table structure for table `roles`
--

CREATE TABLE IF NOT EXISTS `roles` (
  `id` int(11) unsigned NOT NULL AUTO_INCREMENT,
  `name` varchar(32) NOT NULL,
  `description` varchar(255) NOT NULL,
  PRIMARY KEY (`id`),
  UNIQUE KEY `uniq_name` (`name`)
) ENGINE=InnoDB  DEFAULT CHARSET=utf8 AUTO_INCREMENT=5 ;

--
-- Dumping data for table `roles`
--

INSERT INTO `roles` (`id`, `name`, `description`) VALUES
(1, 'login', 'Login privileges, granted after account confirmation'),
(2, 'admin', 'Administrative user, has access to everything.'),
(3, 'participant', 'Participants'),
(4, 'editor', 'Editor');

-- --------------------------------------------------------

--
-- Table structure for table `roles_users`
--

CREATE TABLE IF NOT EXISTS `roles_users` (
  `user_id` int(10) unsigned NOT NULL,
  `role_id` int(10) unsigned NOT NULL,
  PRIMARY KEY (`user_id`,`role_id`),
  KEY `fk_role_id` (`role_id`)
) ENGINE=InnoDB DEFAULT CHARSET=utf8;

--
-- Dumping data for table `roles_users`
--

INSERT INTO `roles_users` (`user_id`, `role_id`) VALUES
(9, 1),
(12, 1),
(13, 1),
(9, 2),
(9, 3),
(12, 3),
(13, 3);

-- --------------------------------------------------------

--
-- Table structure for table `sessions`
--

CREATE TABLE IF NOT EXISTS `sessions` (
  `session_id` varchar(24) NOT NULL,
  `last_active` int(10) unsigned NOT NULL,
  `contents` text NOT NULL,
  PRIMARY KEY (`session_id`),
  KEY `last_active` (`last_active`)
) ENGINE=MyISAM DEFAULT CHARSET=latin1;

-- --------------------------------------------------------

--
-- Table structure for table `sources`
--

CREATE TABLE IF NOT EXISTS `sources` (
  `source_id` int(11) NOT NULL AUTO_INCREMENT,
  `name` varchar(20) NOT NULL,
  `url` varchar(50) NOT NULL,
  PRIMARY KEY (`source_id`),
  KEY `url` (`url`)
) ENGINE=InnoDB  DEFAULT CHARSET=utf8 AUTO_INCREMENT=4 ;

--
-- Dumping data for table `sources`
--

INSERT INTO `sources` (`source_id`, `name`, `url`) VALUES
(1, 'youtube', 'http://www.youtube.com/embed/'),
(2, 'vbox', 'http://vbox7.com/emb/external.php?vid='),
(3, 'vimeo', '//player.vimeo.com/video/');

-- --------------------------------------------------------

--
-- Table structure for table `texts`
--

CREATE TABLE IF NOT EXISTS `texts` (
  `id` int(11) unsigned NOT NULL AUTO_INCREMENT,
  `page_id` int(11) unsigned NOT NULL DEFAULT '0',
  `action` varchar(255) NOT NULL,
  `template` varchar(255) NOT NULL,
  `content` text NOT NULL,
  PRIMARY KEY (`id`),
  KEY `page_id` (`page_id`)
) ENGINE=InnoDB  DEFAULT CHARSET=utf8 AUTO_INCREMENT=3 ;

--
-- Dumping data for table `texts`
--

INSERT INTO `texts` (`id`, `page_id`, `action`, `template`, `content`) VALUES
(1, 1, 'index', 'index', '<h1>AWD</h1>'),
(2, 3, 'index', 'index', '<h1 > Kohana + AngularJS + Foundation</h1>\n\n\n\n<h3 id="desc">Description</h3>\n\n<p></p>');

-- --------------------------------------------------------

--
-- Table structure for table `users`
--

CREATE TABLE IF NOT EXISTS `users` (
  `id` int(11) unsigned NOT NULL AUTO_INCREMENT,
  `email` varchar(254) NOT NULL,
  `username` varchar(32) NOT NULL DEFAULT '',
  `password` varchar(64) NOT NULL,
  `logins` int(10) unsigned NOT NULL DEFAULT '0',
  `last_login` int(10) unsigned DEFAULT NULL,
  `reset_token` varchar(254) DEFAULT NULL,
  PRIMARY KEY (`id`),
  UNIQUE KEY `uniq_username` (`username`),
  UNIQUE KEY `uniq_email` (`email`)
) ENGINE=InnoDB  DEFAULT CHARSET=utf8 AUTO_INCREMENT=14 ;

--
-- Dumping data for table `users`
--

INSERT INTO `users` (`id`, `email`, `username`, `password`, `logins`, `last_login`, `reset_token`) VALUES
(9, 'alex.toshinov@gmail.com', 'alex', '2158c828470c05edaa09ab4889b3df9b3c4dd58cf2f6073cd2c6cb44bd974565', 39, 1446369060, NULL),
(12, 'sluncho@gbg.bg', 'test', '2158c828470c05edaa09ab4889b3df9b3c4dd58cf2f6073cd2c6cb44bd974565', 0, NULL, NULL),
(13, 'alex.toshinov@111.com', '222222', '2158c828470c05edaa09ab4889b3df9b3c4dd58cf2f6073cd2c6cb44bd974565', 0, NULL, NULL);

-- --------------------------------------------------------

--
-- Table structure for table `user_tokens`
--

CREATE TABLE IF NOT EXISTS `user_tokens` (
  `id` int(11) unsigned NOT NULL AUTO_INCREMENT,
  `user_id` int(11) unsigned NOT NULL,
  `user_agent` varchar(40) NOT NULL,
  `token` varchar(40) NOT NULL,
  `type` varchar(100) NOT NULL,
  `created` int(10) unsigned NOT NULL,
  `expires` int(10) unsigned NOT NULL,
  PRIMARY KEY (`id`),
  UNIQUE KEY `uniq_token` (`token`),
  KEY `fk_user_id` (`user_id`)
) ENGINE=InnoDB DEFAULT CHARSET=utf8 AUTO_INCREMENT=1 ;

--
-- Constraints for dumped tables
--

--
-- Constraints for table `roles_users`
--
ALTER TABLE `roles_users`
  ADD CONSTRAINT `roles_users_ibfk_1` FOREIGN KEY (`user_id`) REFERENCES `users` (`id`) ON DELETE CASCADE,
  ADD CONSTRAINT `roles_users_ibfk_2` FOREIGN KEY (`role_id`) REFERENCES `roles` (`id`) ON DELETE CASCADE;

--
-- Constraints for table `texts`
--
ALTER TABLE `texts`
  ADD CONSTRAINT `texts_ibfk_1` FOREIGN KEY (`page_id`) REFERENCES `pages` (`id`) ON DELETE CASCADE;

--
-- Constraints for table `user_tokens`
--
ALTER TABLE `user_tokens`
  ADD CONSTRAINT `user_tokens_ibfk_1` FOREIGN KEY (`user_id`) REFERENCES `users` (`id`) ON DELETE CASCADE;

/*!40101 SET CHARACTER_SET_CLIENT=@OLD_CHARACTER_SET_CLIENT */;
/*!40101 SET CHARACTER_SET_RESULTS=@OLD_CHARACTER_SET_RESULTS */;
/*!40101 SET COLLATION_CONNECTION=@OLD_COLLATION_CONNECTION */;
